source_id,catalogs,ra,dec,radial_velocity,lamost_rv,delta_rv,V_GSR_gaia_rv,P_unbound_gaia_rv,V_GSR_lamost_rv,P_unbound_lamost_rv,V_GSR_delta,P_unbound_delta
785709604755443456,"li2021,liao2024",171.7947901872858,46.880763722777296,112.585884,102.0,-10.585884094238281,429.08327551260055,0.032,425.3586417484214,0.033,-3.7246337641791456,0.0010000000000000009
1307536070952352384,li2021,250.73505309254617,27.270711995285293,-82.43552,-90.57,-8.134483642578118,326.98626839204417,0.0,325.356533180976,0.0,-1.62973521106818,0.0
1359836093873456768,"li2021,liao2024",255.2869250936269,46.43231871446769,-34.245075,-45.34,-11.094924774169925,454.04174680900354,0.0,450.29672846812093,0.001,-3.745018340882609,0.001
1313253325258442752,li2021,253.06106943591996,31.934618298099796,-458.27774,-465.38,-7.1022595214843705,377.2197820664786,0.0,382.73876919875715,0.0,5.518987132278539,0.0
3891412241883772928,"li2021,liao2024",179.2206117039011,0.9003501913092654,59.980007,63.06,3.079992828369143,426.6306757562693,0.0,426.26130233136973,0.0,-0.3693734248995497,0.0
1390742128779653632,li2021,232.9897859929,42.09739515446632,-232.03816,-232.34,-0.3018377685546909,339.4610094603979,0.0,339.5406109639258,0.0,0.07960150352789697,0.0
2125193798525926656,li2021,272.84846662860593,51.99635817636619,-200.00623,-208.17,-8.163774414062487,374.51106732331186,0.0,374.1423571435493,0.0,-0.3687101797625587,0.0
1218569465547760000,li2021,238.80279172592748,23.465405593354784,-172.68683,-179.29,-6.603171386718742,324.6540303166602,0.0,325.91947345194774,0.0,1.2654431352875122,0.0
1389588741082664320,li2021,233.9620423613163,40.371531271112794,-267.2886,-275.71,-8.421395263671855,360.0985022580992,0.0,363.1316473551092,0.0,3.0331450970099922,0.0
3685801299746274688,"li2021,liao2024",197.6011294236546,-1.424778515622144,-43.125237,-54.69,-11.564763488769529,421.87062507333576,0.0,425.283777939174,0.003,3.413152865838242,0.003
1469218534262614784,"li2021,liao2024",204.07877741456332,33.59162997907752,39.14724,41.67,2.522760314941408,399.6458655666683,0.001,400.247084034214,0.0,0.6012184675457206,-0.001
4526508609270671104,li2021,272.20730484059186,18.397288986799285,-151.77481,-156.49,-4.715189208984384,277.3023994258929,0.0,276.91425853986357,0.0,-0.38814088602930497,0.0
3858981901607901952,li2021,158.64312553596386,5.565146247563429,-32.405342,-28.94,3.46534210205078,306.19093453722036,0.0,304.3414197336779,0.0,-1.8495148035424336,0.0
1230634715875730048,li2021,209.33630557568796,13.656907246450176,106.46773,101.4,-5.067727661132807,369.15678659644124,0.0,367.6675290776731,0.0,-1.4892575187681132,0.0
1381686104337042176,"li2021,liao2024",244.317910373327,41.970164583090074,-168.81125,-169.43,-0.6187512207031318,432.59196423060166,0.006,432.59644281266714,0.005,0.004478582065473802,-0.001
1268023196461923712,"li2021,liao2024",225.7835776423352,26.246317568257627,-276.21573,-279.57,-3.354271240234368,436.70663666133385,0.003,438.1689916228335,0.004,1.4623549614996705,0.001
3974373349136229248,li2021,174.19033958182064,18.926264377741372,122.49704,118.64,-3.8570397949218744,360.4230538222783,0.0,359.7765023722425,0.0,-0.6465514500358154,0.0
3650271784085541376,li2021,221.86382468754599,-1.5567218124875875,65.641556,58.23,-7.411555786132816,351.2316996338912,0.0,350.09725191267256,0.0,-1.1344477212186348,0.0
4607189947880564352,li2021,267.20757595972566,33.07189888704997,-107.98011,-115.48,-7.499889831542973,305.5689813026053,0.0,303.48967543860795,0.0,-2.0793058639973765,0.0
2106519830479009920,li2021,285.48441585183855,45.97165858299128,-212.11932,-219.86,-7.740676269531264,352.6961972104446,0.0,352.3257203853919,0.0,-0.3704768250527195,0.0
1586744644959730560,li2021,223.08274848306831,45.352148261932285,-171.25592,-167.17,4.0859204101562625,311.0901432090896,0.0,310.5583856594532,0.0,-0.5317575496363816,0.0
4573804101936966784,li2021,258.3473891724181,26.26773468328772,-106.250885,-110.1,-3.8491149902343693,297.59918933122935,0.0,296.84287868622874,0.0,-0.7563106450006103,0.0
1296361321961628288,li2021,223.578051798512,39.19378103815118,11.226087,12.29,1.0639133834838859,325.66511612650197,0.0,326.0806616309485,0.0,0.41554550444652705,0.0
4570149462726186880,"li2021,liao2024",260.4006928769823,24.389481619231567,-273.4354,-278.92,-5.484605712890641,413.3798485551461,0.0,414.8263806551275,0.0,1.4465320999813684,0.0
1375165725506487424,"li2021,liao2024",231.84861431058908,36.034413081713915,-85.605896,-94.25,-8.64410400390625,529.3003124116008,0.489,528.6931723304803,0.514,-0.6071400811205194,0.025000000000000022
1321141977590168448,li2021,238.1165379867734,30.556727231110493,-165.98889,-162.83,3.1588916015624875,402.04307538143115,0.0,401.76760613987045,0.0,-0.27546924156069963,0.0
1890506653647184768,"li2021,liao2024",341.79716905648024,32.48356047940788,46.32028,42.57,-3.750278167724609,417.7864450726849,0.0,415.4013386008052,0.0,-2.3851064718796806,0.0
1220165578474729344,li2021,239.78740284047637,26.15057091653271,-20.787949,-26.49,-5.702051391601561,361.7055992503216,0.0,360.13712048576235,0.0,-1.568478764559245,0.0
4552754742098901504,li2021,268.29771521199314,20.538726057798378,-130.99971,-130.15,0.8497100830078068,388.6251835872404,0.0,388.72121142985526,0.0,0.0960278426148875,0.0
1188320526276861184,li2021,223.31125412775586,17.439040559415158,3.3421786,2.93,-0.41217858314514144,329.55597189868365,0.0,329.4832444092748,0.0,-0.07272748940886231,0.0
1246482080046432256,"li2021,liao2024",209.46087669871017,19.011051006452988,223.73976,217.34,-6.399761352539059,404.49077131716865,0.0,400.6364415118458,0.0,-3.854329805322834,0.0
1340129650048148736,li2021,258.05982237503724,36.87932018283326,-222.53268,-232.76,-10.227315673828116,332.45853168749466,0.0,333.76275197789613,0.0,1.3042202904014744,0.0
1589483528424371200,"li2021,liao2024",229.35975845825843,50.28850844440341,-279.9112,-289.17,-9.258806152343766,362.50545900912334,0.01,365.9038010795037,0.01,3.3983420703803517,0.0
2090923674657279104,li2021,279.5847791693979,32.36217604422355,-299.08258,-306.49,-7.407419433593759,334.807763646526,0.0,336.7567410539062,0.0,1.9489774073801982,0.0
1375413287421022720,li2021,233.30727845701514,36.778807316367846,-208.65799,-215.45,-6.792010498046864,330.3713195845871,0.0,332.01034144616,0.0,1.6390218615728713,0.0
3938269613528220672,li2021,197.07608682292408,18.54046094208171,10.351979,1.24,-9.11197925567627,304.4876889396526,0.0,304.66533891464843,0.0,0.17764997499580204,0.0
4402540322507190016,li2021,236.7376140050892,-3.2243232872414866,158.66968,149.76,-8.909677734375009,394.8651094372168,0.0,390.70083039872037,0.0,-4.164279038496431,0.0
4453413316772077952,li2021,243.5131571547692,10.232067696127434,-312.9801,-322.71,-9.72989746093748,330.82693704040736,0.0,337.47196662774695,0.0,6.645029587339593,0.0
1191345695083956608,li2021,239.89995811136822,12.772986978281322,185.70692,157.33,-28.37692443847655,439.5834566403091,0.0,422.54854164867584,0.0,-17.034914991633286,0.0
1392488565561508736,li2021,228.47795846612206,41.65018437263305,-267.20496,-270.81,-3.6050439453125023,269.8749928183024,0.0,271.69867160381426,0.0,1.823678785511845,0.0
3939346894405032576,"li2021,liao2024",200.01264742181644,19.69498185120992,377.343,366.23,-11.112987060546857,476.13267631209584,0.0,467.3860064391671,0.0,-8.746669872928749,0.0
3914622279510527616,"li2021,liao2024",173.17098030925905,9.796763653329235,222.16925,210.56,-11.609250488281248,416.046102766868,0.0,412.64426540404713,0.0,-3.4018373628208565,0.0
3699461804008527232,li2021,182.5149416067271,0.9874905136973641,218.08176,208.38,-9.70175659179688,344.993185127402,0.0,341.9436983520348,0.0,-3.0494867753671997,0.0
3687816326602695040,"li2021,liao2024",197.8901323100496,0.38828033827580155,151.12695,142.9,-8.226953124999994,430.94978668120194,0.0,429.4702240104216,0.002,-1.4795626707803535,0.002
4567682192993492608,li2021,260.78426091683605,22.658224440450223,-343.91354,-338.4,5.513543701171898,393.75218274219816,0.0,391.2635468898869,0.0,-2.4886358523112335,0.0
3960007851762445696,"li2021,liao2024",187.4195629607277,24.505898691941105,244.79881,236.06,-8.738812866210935,477.07348334687,0.32,472.89681730060664,0.301,-4.176666046263335,-0.019000000000000017
1310191185375174272,"li2021,liao2024",257.0594842178045,31.628127576416336,-302.02606,-301.84,0.186062011718775,456.7406315653305,0.027,456.68866547391843,0.028,-0.05196609141205499,0.0010000000000000009
1162871264500396928,"li2021,liao2024",230.91166896314033,7.248223462001396,-209.60258,-215.66,-6.057415161132809,406.77975014887426,0.0,409.26005433187413,0.0,2.4803041829998733,0.0
1278823046346776192,li2021,229.87147403666424,34.23309647001373,35.55439,35.14,-0.4143899536132807,306.05223423845456,0.0,305.84428773835464,0.0,-0.2079465000999221,0.0
4386050328146789504,li2021,253.13626220130672,3.079069499840767,-20.469189,-38.58,-18.11081130981445,355.47285465933885,0.0,352.20570504478854,0.0,-3.2671496145503056,0.0
1313540057274791808,li2021,255.6079695223368,32.57762030262874,-123.11924,-136.19,-13.070760192871091,320.510205718858,0.0,318.7330164628647,0.0,-1.777189255993278,0.0
4451839606395241216,li2021,244.65641888676154,7.621069876724233,71.75213,66.78,-4.972128601074218,346.5994429751744,0.0,344.37941082338887,0.0,-2.2200321517855173,0.0
4442041892639187840,li2021,250.74028108870831,7.204620851808831,-159.07616,-170.69,-11.61384338378906,392.1569671114188,0.0,394.082133846202,0.001,1.925166734783204,0.001
1263658066580590848,li2021,227.3433045855683,23.60534427260268,-97.87158,-106.86,-8.98841796875,370.76140481816316,0.0,371.207839605926,0.0,0.44643478776282564,0.0
1201687392216167424,li2021,242.19142995646285,19.197038166931083,21.491804,18.42,-3.071804122924803,352.9562164390668,0.0,351.8126545368143,0.0,-1.143561902252486,0.0
1196253502675947008,li2021,236.17526578459598,16.61767797485923,-20.20549,-32.64,-12.434509887695313,361.3290024602744,0.0,359.1994951717087,0.0,-2.129507288565719,0.0
1305842238930165120,li2021,246.6640855855852,28.543129349952974,-267.44553,-272.86,-5.414473876953139,357.6526520428314,0.0,359.5392512129443,0.0,1.886599170112902,0.0
2796519662454821888,li2021,8.139566977908846,20.944522998662066,-139.30269,-147.04,-7.7373114013671795,337.7932410716306,0.0,337.55060957637727,0.0,-0.24263149525330618,0.0
2093319922812118272,li2021,283.14142419802573,36.152447711076356,-10.9880905,-13.29,-2.3019094848632804,294.83494803722124,0.0,293.17992291940436,0.0,-1.6550251178168764,0.0
6338338634642496128,li2021,221.89258088146957,-4.16190139537798,276.1258,292.81,16.684206542968752,394.76466569501713,0.0,405.93696621940484,0.0,11.172300524387708,0.0
2853512332285518592,li2021,0.14834001156913762,26.663646299254673,-399.9054,-411.6,-11.694604492187523,295.14099566416303,0.0,303.85430954924425,0.0,8.71331388508122,0.0
4033245977691021696,li2021,180.50651433259412,37.689110318265094,-136.64543,-140.95,-4.304568481445301,283.89610360491343,0.0,285.67240987121625,0.0,1.7763062663028109,0.0
3911135384541380992,li2021,173.99100270620008,8.256869370870907,116.856094,112.8,-4.056094360351565,322.45633002099896,0.0,322.2540108316302,0.0,-0.20231918936877946,0.0
4551368635893771008,li2021,267.3068256110334,18.87964838815939,-486.92206,-490.52,-3.597941894531232,388.7027500983958,0.0,391.65291348240703,0.0,2.950163384011205,0.0
4463303217704933376,li2021,244.93197485400353,13.315483464415351,-108.878204,-94.61,14.268204345703126,396.9505363147474,0.0,396.969412105918,0.0,0.018875791170614775,0.0
1298328687565047040,li2021,246.56081529871085,21.760620827377245,-264.8027,-283.01,-18.207296142578116,295.3846332571351,0.0,304.1881487564609,0.0,8.80351549932584,0.0
18591405891430144,"li2021,liao2024",40.89969964459254,6.272696714334008,-42.9423,-50.83,-7.887701110839842,368.88604753915513,0.001,369.3350426509562,0.001,0.4489951118010822,0.0
3897377367341812224,li2021,176.72970374713265,5.174723578261017,272.4046,266.02,-6.384602050781268,332.95446501847925,0.0,329.76824012853257,0.0,-3.1862248899466863,0.0
1352078558303082368,li2021,254.60666514830996,39.01614380177247,-245.39691,-253.29,-7.893088378906242,342.1127140596013,0.0,343.6685485124147,0.0,1.5558344528134285,0.0
4454407790680400128,li2021,238.6167562191904,8.495492827669112,-6.4454465,-12.32,-5.874553508758545,390.66249269945934,0.0,389.73316562115957,0.0,-0.9293270782997638,0.0
1181043649086820224,li2021,226.61838639563163,12.887278106139364,15.795543,16.9,1.104457283020018,311.7940782067871,0.0,312.03096053295377,0.0,0.23688232616666482,0.0
1337022361468692864,"li2021,liao2024",261.7587014501879,36.13135154118388,146.2412,137.42,-8.82119567871095,420.50563753175464,0.0,413.4652737243611,0.0,-7.040363807393533,0.0
1322487951620883968,"li2021,liao2024",243.53293875837153,32.4902759060982,-188.27428,-201.81,-13.535723266601565,374.2281954686748,0.0,375.9812291645945,0.0,1.7530336959196688,0.0
1426437773775389440,li2021,254.31758928478317,55.249888969134574,-15.373098,-15.61,-0.2369016265869135,339.6397299510357,0.0,339.51242009554346,0.0,-0.1273098554922285,0.0
1335963909728809600,li2021,262.7067965505578,34.89087839217808,-265.66354,-267.0,-1.336456298828125,294.5674770835595,0.0,294.9097116878726,0.0,0.3422346043130915,0.0
2568079148073936896,li2021,29.880722217862118,7.685454832757829,81.448204,49.08,-32.368204040527345,363.8831861947475,0.0,352.4026285006503,0.0,-11.480557694097229,0.0
4580533903375688576,li2021,265.9628480480043,23.312927079537314,-150.45808,-134.5,15.958084106445312,341.7856160279584,0.0,343.3467247065007,0.0,1.5611086785423254,0.0
1508756353921427328,li2021,210.20491627098264,45.866155208872115,126.00084,121.37,-4.630839233398433,364.50166434063556,0.0,361.5976242042802,0.0,-2.904040136355377,0.0
4595327282568833152,li2021,262.93805116482713,28.077305490157684,-104.4578,-110.75,-6.292198181152344,370.21630685882104,0.0,368.99052385539653,0.0,-1.2257830034245103,0.0
1400950785006036224,"li2021,liao2024",233.9278564243463,46.56878510250967,47.872852,42.85,-5.022852325439452,446.42025875493965,0.023,444.18263326780243,0.006,-2.2376254871372225,-0.017
4577663593912862720,li2021,269.6804469526291,23.07946480016763,-244.15543,-252.14,-7.984573974609361,242.9308523530656,0.0,245.0769624985214,0.0,2.1461101454557934,0.0
1490900937921299712,li2021,217.66094829848024,40.48242279699306,-205.10631,-206.35,-1.2436920166015568,357.21922353302625,0.0,357.5679148278,0.0,0.3486912947737437,0.0
1610496909322844928,"li2021,liao2024",217.69410507260415,56.4181970760125,-216.63794,-223.16,-6.522060546874997,375.4426977978512,0.0,376.7925551730604,0.0,1.349857375209183,0.0
671028480394587008,li2021,120.95336226522755,21.790115434861384,-2.2529838,-15.37,-13.117016191482543,266.6655767319447,0.0,271.2146798028009,0.0,4.549103070856177,0.0
4449563273728977664,li2021,241.88756214124592,4.976799536258126,-108.51143,-119.77,-11.258571166992184,382.4632626724567,0.0,383.7758555802015,0.0,1.3125929077447722,0.0
2080053078073153664,"li2021,liao2024",294.4416554246098,45.773523754746805,-264.00125,-271.14,-7.138748779296861,427.1087704551712,0.002,427.57079802719096,0.003,0.46202757201973554,0.001
1272009269712167680,li2021,229.67194479127718,28.33638837285944,-129.21355,-150.93,-21.71645324707032,338.04549412990036,0.0,340.4286218686485,0.0,2.3831277387481578,0.0
4430017496040440704,li2021,238.03746954337586,6.898276415721092,-141.89389,-142.36,-0.46610961914063864,282.35470776575914,0.0,282.4825481844681,0.0,0.12784041870895635,0.0
1270017401319252096,li2021,230.71055665183783,24.739791438268806,-7.2109814,-14.52,-7.309018630981445,376.6558828399417,0.0,375.00093970094434,0.0,-1.6549431389973392,0.0
1341901032000157056,li2021,258.1344791830912,40.473522363151126,-222.7845,-224.04,-1.2554998779296795,353.201400244446,0.0,353.3187343850089,0.0,0.11733414056288893,0.0
4571076144869370240,li2021,261.9263554568088,26.714799906114255,-214.64246,-218.48,-3.8375439453124898,297.8320014974281,0.0,298.36796470604287,0.0,0.5359632086147599,0.0
1292239459027680128,"li2021,liao2024",228.2875129808865,37.56074191364901,-283.17245,-297.33,-14.157545166015609,388.19626863860105,0.0,394.2713568828904,0.0,6.075088244289361,0.0
3793377208170393984,"li2021,liao2024",173.4868275289088,-2.4725128000322907,296.89285,291.52,-5.372852783203143,452.79806997375385,0.0,450.9009103404497,0.0,-1.8971596333041703,0.0
3710479632074215424,li2021,190.7967826803646,7.651503881980607,154.51297,152.92,-1.5929699707031375,378.2402724359513,0.0,377.86276845648644,0.0,-0.3775039794648478,0.0
4419532656233649024,li2021,225.10103279044694,0.019144865116641544,53.157364,51.35,-1.807363891601561,347.1921293662544,0.0,346.8880266784185,0.0,-0.30410268783589345,0.0
4357393447354698496,li2021,248.08939412400179,-3.9275391409904103,175.01085,167.3,-7.710848999023426,405.56516360552183,0.0,401.18098618195154,0.0,-4.384177423570293,0.0
1192061374074988544,"li2021,liao2024",239.85429437114988,14.181011058741259,133.09555,127.59,-5.505550537109372,407.294629597573,0.0,404.28922462011485,0.0,-3.00540497745817,0.0
4447040203783595392,li2021,249.77862088704632,10.588942741426393,-126.906204,-132.69,-5.783795776367185,240.90535133827777,0.0,241.44947333614417,0.0,0.544121997866398,0.0
3910919261787056512,"li2021,liao2024",174.35634772339736,7.826483243420996,-7.691658,-14.62,-6.928341979980468,387.79143850099103,0.0,389.76398747232776,0.0,1.972548971336721,0.0
4565070577998452096,li2021,254.61474874573278,21.547685878842067,-78.61949,-65.2,13.419491577148435,457.8670048258236,0.042,460.08443266990713,0.048,2.217427844083545,0.005999999999999998
1325038990396158976,li2021,248.28122559116755,33.389827982748585,-228.63194,-241.08,-12.448057250976575,357.6207885394702,0.0,360.2521501780443,0.0,2.6313616385741057,0.0
4601980530506725888,"li2021,liao2024",262.93611671713546,32.98671698981776,-412.51013,-415.33,-2.819868164062484,468.47729292080965,0.001,469.83350622227243,0.0,1.3562133014627875,-0.001
725973412895939584,li2021,155.87674177239288,24.65538054711057,-63.611305,-70.86,-7.248694763183593,363.24198022855893,0.0,365.8587082380824,0.0,2.616728009523456,0.0
4458473093187331584,"li2021,liao2024",242.3473326057651,13.893626820180856,-284.61465,-288.2,-3.5853454589843636,452.18004177144053,0.0,453.6789434354653,0.0,1.4989016640247996,0.0
1383279090527227264,"li2021,liao2024",240.3373434419254,41.166772756632206,-183.59418,-183.97,-0.37582275390624886,648.2704564538101,0.996,648.2863187656455,0.993,0.015862311835462606,-0.0030000000000000027
4407486097603812480,li2021,246.9066039313322,-0.3854769709173847,-175.82933,-179.6,-3.770669555664057,383.2329295407436,0.0,384.3267331240581,0.0,1.0938035833144681,0.0
4571257044593546496,li2021,255.57807366135881,22.85224963513381,-241.95529,-244.59,-2.6347082519531284,308.4221418624112,0.0,309.1923336641174,0.0,0.7701918017062326,0.0
1785504976820834048,li2021,319.9329668802389,18.358958003589915,-180.97534,-183.66,-2.6846582031249966,356.9394837823204,0.0,356.69952162137645,0.0,-0.2399621609439464,0.0
3727307245219281792,li2021,209.71983917038634,11.151311295060554,26.539139,22.54,-3.9991387939453134,350.6908712460988,0.0,350.44166356998835,0.0,-0.24920767611047268,0.0
1189859739480364032,li2021,237.3623183522661,12.16811637318781,-175.208,-186.3,-11.092007446289074,363.06112745666974,0.0,366.1705320005448,0.0,3.109404543875087,0.0
1428780386377656448,li2021,241.47550322423,53.150071448158194,-309.08923,-311.1,-2.0107666015625227,336.235974194071,0.0,337.0347363723247,0.0,0.7987621782536962,0.0
896734887315190272,li2021,109.18026006008495,35.07260326688921,-255.03085,-259.73,-4.699146728515643,301.28121296268114,0.0,305.59348170255004,0.0,4.312268739868898,0.0
1279002644699609856,"li2021,liao2024",230.8242014900509,35.3535194787406,-286.8817,-299.58,-12.698286132812484,373.19630871438534,0.006,378.9406633771094,0.004,5.744354662724049,-0.002
1197781136644152576,"li2021,liao2024",235.20360993027262,18.47617774950237,-18.212955,-20.37,-2.1570445251464854,411.6487348981163,0.0,411.27427294638494,0.0,-0.3744619517313481,0.0
3855198520751976832,li2021,157.83028487762482,0.8843459453974081,42.953957,31.55,-11.403956604003906,311.0109342016408,0.0,315.0707926200591,0.0,4.059858418418287,0.0
1372772466649676544,li2021,236.72133815456598,35.219057510782136,-210.78366,-204.55,6.233660888671864,367.0550054137623,0.0,365.8456610623554,0.0,-1.2093443514068554,0.0
3648546993938943616,li2021,221.17385627428717,-2.798229197672751,16.383322,6.59,-9.793321762084961,329.45899542099056,0.0,329.53905051135996,0.0,0.08005509036939884,0.0
1505326015081603584,li2021,214.19100372827066,46.404586858281434,-30.866135,-36.96,-6.093865356445313,360.10154679144404,0.0,358.7559705330959,0.0,-1.34557625834816,0.0
1319620322217052672,li2021,239.51287111379258,28.174762748779717,-21.540707,-23.42,-1.8792933654785173,357.7419868365844,0.0,357.1917193970224,0.0,-0.550267439561992,0.0
1419012565594414592,li2021,256.1221565441683,52.87672972453351,-126.794525,-130.21,-3.415474853515633,344.83759520172714,0.0,344.1368837210332,0.0,-0.7007114806939398,0.0
1288726553737756928,"li2021,liao2024",226.41368222792264,32.6117104221601,-50.800407,-60.98,-10.179592590332028,443.24710643204503,0.034,442.10002810936356,0.026,-1.147078322681466,-0.008000000000000004
1366088157507230208,li2021,257.3233139380522,48.11857072155313,-42.325397,-53.93,-11.604602508544922,376.7671630824456,0.0,372.1407125057262,0.0,-4.626450576719435,0.0
4459976988872598272,li2021,245.24353600336548,11.58670040413366,102.58686,91.08,-11.506860656738283,401.21969947622773,0.0,395.5874673775649,0.0,-5.632232098662826,0.0
1327043297014218752,"li2021,liao2024",252.53487095689977,35.51629575693624,-152.56299,-159.03,-6.467011718750001,395.2454767071967,0.0,394.9807344608336,0.0,-0.26474224636308463,0.0
1406194871355128064,li2021,250.8253108427333,45.879987110493396,-384.62686,-398.81,-14.183138427734377,365.9423833510063,0.0,373.90641634292854,0.0,7.964032991922238,0.0
2148005748521592704,"li2021,liao2024",278.9082671082449,56.225317591377674,-436.74716,-441.54,-4.7928381347656455,435.8694242402228,0.064,438.1947353866858,0.072,2.3253111464629797,0.007999999999999993
1321524641996311552,li2021,239.78971716785412,32.04533624830643,-168.02908,-171.17,-3.1409167480468625,274.1814196333474,0.0,274.55735258725275,0.0,0.3759329539053624,0.0
1319850910420860544,li2021,238.41056729749198,28.31942332780725,-134.91722,-141.97,-7.052778930664061,259.83029300047895,0.0,260.2010204888168,0.0,0.3707274883378773,0.0
4454762486259697024,li2021,240.5153475817129,9.525192706280086,170.80856,166.69,-4.118563232421877,411.6606482373701,0.0,409.17022908739256,0.0,-2.4904191499775266,0.0
1172784530055677952,li2021,219.83049286194804,8.00743879010722,293.3307,286.96,-6.3706884765625205,441.65794032035467,0.001,437.21958696414623,0.003,-4.438353356208438,0.002
4427066402532783744,li2021,233.3781867075909,2.7772557478775073,128.6266,136.76,8.133397827148428,418.8365314342825,0.0,422.15272488441684,0.0,3.3161934501343353,0.0
1381834504046491776,li2021,242.30653634406875,41.61151528062708,-148.38182,-144.21,4.1718206787109295,345.44976111647014,0.0,345.6307884098125,0.0,0.18102729334236756,0.0
4446284358256648960,li2021,248.88585400689004,9.00953208723814,-23.243536,-22.86,0.383535995483399,347.130616946079,0.0,347.2158989463442,0.0,0.08528200026523791,0.0
4564974576889224192,li2021,254.62167033035757,21.023131416140643,-63.328102,-76.02,-12.69189788818359,390.26226343850055,0.0,387.7552295686664,0.0,-2.5070338698341743,0.0
1205886736360431360,li2021,241.08132323911548,21.407023701532623,-217.66682,-234.99,-17.323175659179697,383.7482964485089,0.003,388.7778786976358,0.008,5.029582249126918,0.005
1565897801417595136,"li2021,liao2024",202.11981161232816,57.52973660632185,257.1909,249.83,-7.3608874511718625,403.9115382249623,0.0,397.03582455588634,0.0,-6.875713669075992,0.0
1200341899221905664,li2021,244.72834046690502,17.961914671761832,-167.02998,-180.12,-13.090016479492192,393.84792126005374,0.0,395.8065387057381,0.0,1.9586174456843537,0.0
3729576671579097600,"li2021,liao2024",198.30295741468484,6.467712814703783,297.99985,291.08,-6.919847412109391,416.81293898705906,0.0,412.71590415591714,0.0,-4.097034831141912,0.0
1169298837678089344,li2021,232.50669106578326,11.480718826279299,-59.687897,-63.5,-3.812103271484375,341.39689667137543,0.0,341.38163283269864,0.0,-0.0152638386767876,0.0
589402489494411392,"li2021,liao2024",142.11118105063065,10.638745398698145,440.46408,436.51,-3.954080810546884,445.88422328352567,0.0,443.1277117613506,0.0,-2.7565115221750602,0.0
3736372993468775424,"li2021,liao2024",197.96400781274372,11.289438641106754,377.63278,375.66,-1.97278198242185,457.6607912883766,0.0,456.1810294791498,0.0,-1.4797618092267726,0.0
1249356066002407040,li2021,206.16500670431293,20.58777902905923,-25.328476,-30.15,-4.821524047851561,320.4836432909373,0.0,320.6259004305646,0.0,0.14225713962730424,0.0
1536773937420508544,li2021,183.61035604606107,42.74415458909002,-183.50948,-189.62,-6.110524291992192,353.0451426918908,0.0,355.48874633003027,0.0,2.44360363813945,0.0
4579654775110020096,li2021,273.0454436302036,25.31183551348257,-157.38303,-169.54,-12.156973876953117,326.88217221542226,0.0,325.7840506173622,0.0,-1.098121598060061,0.0
1491978699834840320,li2021,215.8366879565032,41.417177808843874,-113.84609,-117.39,-3.543907775878907,353.0716613840146,0.0,353.1886660168454,0.0,0.11700463283079898,0.0
1353065198190586752,li2021,252.530089879834,39.87113047972161,-263.41272,-268.71,-5.2972802734374795,335.14950732558395,0.0,336.52258310127394,0.0,1.3730757756899834,0.0
4594877960270902912,li2021,262.79142414589916,26.526502651720484,-204.94327,-220.44,-15.496732177734373,381.33625638981846,0.0,382.8124977343938,0.0,1.4762413445753282,0.0
4557012394719359616,li2021,262.76843788646346,22.4956790643261,-50.37041,-59.2,-8.82958908081055,332.0489050030297,0.0,329.03015950596466,0.0,-3.0187454970650265,0.0
4434466291883669760,li2021,251.81110321456757,4.360074263867235,71.590576,68.38,-3.2105761718750045,294.3391679442099,0.0,292.5459034389481,0.0,-1.7932645052618454,0.0
1365416287183646720,li2021,263.4627332929461,48.63826151410131,-217.86182,-216.34,1.5218164062499966,338.6397619938707,0.0,338.59549590947256,0.0,-0.04426608439814572,0.0
1314105790367184640,li2021,252.65741607322065,32.56594634783183,-143.38011,-150.13,-6.749888305664058,286.97931395089483,0.0,286.50533331664616,0.0,-0.47398063424867587,0.0
1323248882386869120,li2021,239.7429579295934,32.76273290398285,-292.95142,-299.77,-6.818583984374982,370.1174753864097,0.0,373.01914253070646,0.0,2.9016671442967663,0.0
2043980781626220160,"li2021,liao2024",285.91844318221945,33.54504266353283,-482.2719,-486.19,-3.9180883789062477,439.9816845705983,0.0,442.2951988326599,0.0,2.313514262061574,0.0
4564648331173245568,"li2021,liao2024",253.86665164140027,20.93197854353144,55.477276,49.08,-6.397275848388674,453.70292443210934,0.039,450.91921921603915,0.042,-2.7837052160701887,0.0030000000000000027
1325089293053553664,"li2021,liao2024",249.43898536685478,33.46530287328486,-208.67308,-211.6,-2.926919555664057,413.260890743982,0.0,413.60407895294185,0.0,0.343188208959873,0.0
111520616843040640,li2021,46.639348257229145,23.988745607028697,-262.60974,-267.95,-5.340258789062489,313.75382439582455,0.0,317.1635872294319,0.0,3.409762833607374,0.0
1302386920560766592,li2021,245.4739741308535,24.06005588492916,-138.49036,-144.11,-5.619643554687514,276.52150167108533,0.0,276.71176715451526,0.0,0.19026548342992555,0.0
3800899310813242496,"li2021,liao2024",174.36826646825403,3.69156260764867,319.81717,310.3,-9.517169189453114,402.8069135840931,0.0,398.0136631615716,0.0,-4.793250422521453,0.0
1298012135592707072,li2021,248.0141676124698,22.42227912297616,-426.32413,-435.2,-8.875872802734364,369.6556369893257,0.0,376.70991486734897,0.0,7.0542778780232425,0.0
1591118433495659520,"li2021,liao2024",220.77709885396945,48.09892112297692,-103.93434,-103.11,0.8243414306640631,411.16420223324144,0.039,411.2177050714641,0.04,0.05350283822264146,0.0010000000000000009
1330646534057434240,li2021,243.98119993929228,37.54057968274184,-63.071327,-67.89,-4.818672790527344,358.9696253174582,0.0,357.73200506953987,0.0,-1.2376202479183576,0.0
1207475255783881088,"li2021,liao2024",230.0709229302625,16.23150192626718,21.48557,14.28,-7.205570907592774,441.4269994160115,0.025,439.9864702327026,0.027,-1.4405291833089109,0.0019999999999999983
3829022408774668800,"li2021,liao2024",152.83253982667645,-2.0604452990355506,413.45312,407.93,-5.523124999999993,384.8881869511303,0.001,381.3234874499777,0.0,-3.5646995011526315,-0.001
1283488411626738432,"li2021,liao2024",221.75648142878768,32.33003239585416,-175.60594,-178.62,-3.014058227539067,417.02504343656466,0.0,417.62827487560406,0.0,0.6032314390394049,0.0
1550504947867879808,li2021,200.64643627628993,44.23288284749641,-284.19028,-288.82,-4.629722900390618,339.8321109826078,0.0,342.6257697232672,0.0,2.793658740659396,0.0
1284444436982250752,li2021,216.97615971515265,29.847908655349055,-40.843994,-45.42,-4.576005859375002,364.1965765513188,0.0,363.7990903806717,0.0,-0.3974861706470847,0.0
4561683669868966656,"li2021,liao2024",255.6478355129231,20.25535468431932,-181.35558,-191.08,-9.724424438476575,431.9525825237714,0.021,432.8337627333564,0.025,0.8811802095850112,0.004
1167423311358847744,li2021,229.05425788421732,9.754451675055904,-34.349762,-45.36,-11.010238037109374,280.67594831493847,0.0,280.35860442235725,0.0,-0.31734389258122064,0.0
3725136049056254592,li2021,206.1886621110276,9.068779883207588,80.63756,68.61,-12.027557983398438,354.1266421150281,0.0,352.23973690506233,0.0,-1.8869052099657893,0.0
1398409401317253504,li2021,240.48487868163178,45.663009840787744,-204.82756,-208.15,-3.322439575195318,327.3877655240896,0.0,327.8153276303386,0.0,0.4275621062489563,0.0
4558537967102516352,li2021,254.38076868065926,16.988082226156084,-182.75435,-191.99,-9.235651245117197,309.95954946394187,0.0,311.4890667813861,0.0,1.5295173174442311,0.0
3669398682203817984,li2021,214.78658255277801,4.17959017619526,-60.680637,-77.32,-16.639362640380853,368.7927574671599,0.0,372.3689821421494,0.0,3.5762246749894757,0.0
4462391894364204160,li2021,248.8980859136587,14.895082394268412,-127.53028,-135.6,-8.069718933105463,292.59445554511484,0.0,292.99888823091,0.0,0.40443268579514324,0.0
1337186910255681792,li2021,262.54062141966773,36.969647387431785,-136.93222,-142.13,-5.1977795410156205,341.4006326664725,0.0,340.57644983028587,0.0,-0.824182836186651,0.0
2121940794593313920,li2021,276.050581881988,48.01996564097853,-24.630308,-20.68,3.9503081512451175,231.46704253347067,0.0,234.87145027190195,0.0,3.4044077384312743,0.0
1329881651921667584,li2021,244.118205046874,35.54882179804165,-174.88579,-192.71,-17.82421203613282,348.8402018225516,0.0,350.3589560692665,0.0,1.5187542467149342,0.0
2125840899780633728,li2021,292.79761668327825,42.685235184723894,-65.00812,-67.06,-2.0518823242187523,241.9577579294202,0.0,240.49748203010247,0.0,-1.460275899317736,0.0
4569158940189096960,li2021,262.4149787469751,23.61849447104417,-450.9602,-455.14,-4.179794921874986,379.64393034277987,0.0,382.75295000163146,0.0,3.1090196588515937,0.0
1332365036371481088,li2021,246.2218775450621,38.89772402801734,-294.99957,-305.74,-10.740427246093759,325.84264082859926,0.0,330.2838243195326,0.0,4.4411834909333265,0.0
369471061241098752,li2021,17.576664785542214,37.15128878548249,34.37269,38.55,4.177311706542966,325.91277196613265,0.0,328.5016856699626,0.0,2.5889137038299737,0.0
4420963017782711168,"li2021,liao2024",232.28250876497185,2.0661257702329454,12.656538,6.82,-5.836538009643554,444.48766020760144,0.0,443.92106625721595,0.0,-0.5665939503854815,0.0
1485076859188949760,"li2021,liao2024",212.44755634930166,37.56811103545817,290.4645,276.36,-14.104508056640611,474.8733173526667,0.0,463.7724233528921,0.0,-11.100893999774598,0.0
4439062078689009152,li2021,249.72354523535535,7.275417416064372,-361.59134,-368.7,-7.108660888671864,402.98383741347203,0.0,407.6810231493906,0.0,4.697185735918595,0.0
1380602398188565376,li2021,245.51436147642974,40.407647119516454,-130.12978,-135.84,-5.710223999023441,227.47511171016376,0.0,226.64909179190823,0.0,-0.8260199182555255,0.0
1397690664309963008,li2021,235.56536337654862,45.42529821635832,-92.685715,-96.37,-3.684285278320317,356.5959349475076,0.0,355.9784582273484,0.0,-0.6174767201591749,0.0
1298337316156102144,"li2021,liao2024",246.85428744356372,21.96145665304746,51.899582,46.89,-5.009581909179687,469.34366702963916,0.097,467.423007190433,0.093,-1.9206598392061665,-0.0040000000000000036
1229758027151233792,li2021,211.73241653112495,13.685912980276887,48.28078,45.72,-2.5607807922363293,324.877880632473,0.0,324.420012157868,0.0,-0.45786847460504987,0.0
4452077135267110912,li2021,245.16320157360587,8.664178375210733,-265.1399,-253.12,12.019892578124995,362.09222066950406,0.0,356.4149764725049,0.0,-5.6772441969991405,0.0
1375618037102054272,"li2021,liao2024",233.10297531898152,37.17178826205737,-138.01253,-140.39,-2.377472534179674,398.0807905176032,0.0,398.1206130101027,0.0,0.03982249249952474,0.0
4383628481987412992,li2021,248.60200014694612,0.5295296000340204,-17.684479,-23.21,-5.525521240234376,325.6870161782746,0.0,324.7812959183769,0.0,-0.9057202598976914,0.0
1285140492266249216,li2021,215.41965750063403,30.859240683482117,-154.1046,-153.36,0.7445989990234239,339.1714059720901,0.0,338.995871185459,0.0,-0.1755347866310899,0.0
2688149803556948992,"li2021,liao2024",323.8807625386211,0.6787383203489449,-122.76579,-125.65,-2.884207153320318,406.4673138028756,0.0,406.17027005986085,0.0,-0.2970437430147399,0.0
4436082127304474624,li2021,245.01085244366823,2.763230809040817,204.75734,193.77,-10.987339477539052,401.59669832701394,0.0,394.1286424020258,0.0,-7.468055924988164,0.0
4446266216314832512,li2021,248.72547856750074,9.087018785187203,114.34527,107.22,-7.12526824951172,375.7251959381501,0.0,371.70528510903887,0.0,-4.019910829111211,0.0
1284095307680706048,li2021,217.88412034496648,28.8563848284977,-127.437004,-133.77,-6.3329959106445415,369.7232274304982,0.0,370.6884507044306,0.0,0.9652232739323949,0.0
1292931223640904192,"li2021,liao2024",221.74835339465062,34.53291977824148,-106.95007,-101.59,5.360073242187497,382.4924087144616,0.001,382.42483071680834,0.002,-0.06757799765324535,0.001
1458334846616738816,li2021,206.25478454436623,32.48473701286579,-70.27471,-74.24,-3.965288391113276,328.122466301051,0.0,328.3128704471759,0.0,0.19040414612487666,0.0
1569119954603029248,"li2021,liao2024",190.650308945645,52.56216872466253,103.02488,93.43,-9.5948794555664,383.29599564045816,0.005,378.57428849296235,0.002,-4.721707147495806,-0.003
2095732148240710144,li2021,277.15895274726074,35.95959819403868,-262.77914,-269.02,-6.240855712890607,392.46828779059626,0.0,393.26624717760296,0.0,0.7979593870066992,0.0
3967215872036695808,"li2021,liao2024",171.53460654259786,15.208473224074673,-129.04568,-125.95,3.095684814453122,390.8683907993849,0.0,389.23272178511286,0.0,-1.6356690142720254,0.0
1325809541888655872,li2021,247.8760777202753,33.59286594158425,-91.73393,-98.6,-6.866067504882807,348.9182563155592,0.0,347.67002720005644,0.0,-1.2482291155027383,0.0
1193446449488421504,"li2021,liao2024",239.0386486879303,16.73075480804413,-430.6875,-424.06,6.627499999999998,450.6735772686375,0.0,445.7763833863512,0.0,-4.897193882286274,0.0
2703747063191473536,li2021,336.5639942020583,2.862696080947802,-86.41355,-92.37,-5.956448669433598,377.2918066753435,0.0,376.14608444173706,0.0,-1.1457222336064206,0.0
1966232459000174080,li2021,322.5623766790884,40.63525067031373,-141.9493,-151.03,-9.080704956054689,329.6034541583641,0.0,326.9434210159689,0.0,-2.660033142395207,0.0
1532306449878388480,li2021,186.7248717953816,39.52757191654049,80.67906,82.36,1.680938110351562,366.9660029719433,0.0,367.5170182955853,0.0,0.551015323641991,0.0
1292042509007461888,li2021,227.43639834119796,36.19027778424067,-115.32099,-113.5,1.8209915161132812,370.83868300509425,0.0,370.85207387782,0.0,0.013390872725722147,0.0
1433854048424586240,"li2021,liao2024",258.07681664910046,57.78148969883345,-285.7834,-300.65,-14.866613769531227,376.15857616461864,0.0,379.6653040281533,0.002,3.5067278635346497,0.002
1248201681872449280,li2021,207.4321933194274,18.91649476387104,-88.674095,-92.09,-3.4159048461914097,326.90056296382494,0.0,327.6748573458642,0.0,0.7742943820392725,0.0
1442061456048795008,li2021,203.58103578522238,22.177410922556938,-38.76417,-44.77,-6.005828399658206,334.03596459325973,0.0,334.4842477976389,0.0,0.4482832043791518,0.0
1475401844058846720,li2021,203.0542243409373,37.97040162219759,-11.36423,-31.09,-19.725769844055176,389.05963716394103,0.0,386.76698223697804,0.0,-2.292654926962996,0.0
1167034565278836224,li2021,229.63302156265704,8.86074843121363,-118.30168,-119.54,-1.2383184814453188,333.79865962664593,0.0,334.0658918411402,0.0,0.26723221449429957,0.0
1415333565328292096,li2021,256.73705015354267,50.34838235563185,-73.23875,-90.89,-17.651253356933594,323.2696141302912,0.0,316.8576408259306,0.0,-6.411973304360572,0.0
1205472765941819392,li2021,244.19629464401217,22.013279622641907,-263.8193,-267.25,-3.430694580078125,362.54679573888114,0.0,363.88666116280064,0.0,1.3398654239194911,0.0
1325235184502274560,li2021,246.62930029898968,32.14567481268579,-175.4558,-175.47,-0.014204711914061363,348.6925264439432,0.0,348.69344932789767,0.0,0.000922883954444842,0.0
3704026082934394880,li2021,190.20484688398545,3.610344799865234,-35.50189,-48.65,-13.148111724853514,351.5103861787294,0.0,356.005934471533,0.0,4.495548292803619,0.0
1286508357749747840,li2021,221.54294140419321,32.51589678272924,-98.25265,-103.76,-5.507352600097661,250.06419907455677,0.0,250.22799816537972,0.0,0.1637990908229483,0.0
2105847208541125248,liao2024,284.9691585522302,43.91403514847219,-198.93117,-203.49,-4.558832397460947,479.3290064932491,0.422,479.0406834656982,0.438,-0.2883230275509163,0.016000000000000014
1297316350890352000,liao2024,248.17763607815107,21.27211481704506,-335.14014,-342.4,-7.259863281249977,522.7951132856529,0.341,525.6623679876232,0.38,2.867254701970296,0.03899999999999998
4561622303377078144,liao2024,256.30470384949206,19.94511267537911,-151.8511,-151.85,0.0011047363281306843,416.4031136352934,0.001,416.4031028727869,0.0,-1.0762506462924648e-05,-0.001
1158126425149936384,liao2024,223.48307932069665,4.66932940083188,-60.835308,-62.8,-1.9646919250488253,492.07171277201945,0.09,492.2543014056379,0.081,0.1825886336184226,-0.008999999999999994
4563791777254871040,liao2024,248.54391062944418,20.15667923442386,128.60693,116.83,-11.776933593750002,414.90053483692606,0.0,407.6689375575783,0.0,-7.2315972793477385,0.0
1180456372438570112,liao2024,224.56475100638318,11.415602385621948,54.788204,48.15,-6.638204193115236,392.1065202752871,0.0,390.5513496979892,0.0,-1.5551705772978721,0.0
1155172720304980224,liao2024,224.95726614596506,4.737955664872294,-392.81357,-403.04,-10.226431884765645,409.35740904199264,0.0,418.6782196219909,0.0,9.320810579998238,0.0
4455192670185376384,liao2024,237.67177242708507,8.561348262839973,-33.25132,-38.37,-5.118680114746091,402.4014132940777,0.0,401.9830850381311,0.0,-0.41832825594661927,0.0
4450042282840862720,liao2024,242.2275467730294,6.694014566077617,133.09999,126.13,-6.969990844726567,422.2377716634033,0.0,418.83603809211957,0.0,-3.401733571283728,0.0
4410572804703078784,liao2024,237.69350904205356,0.06705483164265186,-49.568962,-55.99,-6.421037902832033,439.26923249462453,0.0,439.41932481418036,0.0,0.15009231955582436,0.0
3723857355688487296,liao2024,209.31339520680532,10.181624757906555,373.6703,368.21,-5.4602880859375205,403.78949734527276,0.0,398.8370870695655,0.0,-4.95241027570728,0.0
1209777152095941888,liao2024,233.36698872108394,19.37250971846855,-344.05374,-349.44,-5.386258544921873,401.9788181557713,0.0,405.4274825712435,0.0,3.4486644154721944,0.0
1291703000432716288,liao2024,225.76634649432876,35.29506027279961,-446.86688,-452.98,-6.113117675781268,414.30457795127745,0.0,419.2756253870969,0.0,4.971047435819457,0.0
1215718152722386816,liao2024,229.9006862231178,23.075476796309932,53.000053,58.77,5.769946594238284,402.24401480723736,0.0,404.3208387619009,0.0,2.0768239546635527,0.0
1920542906137425664,liao2024,354.1117239595378,40.07089937993317,13.744369,4.56,-9.184368553161622,396.4252845014517,0.0,391.2530827303206,0.0,-5.1722017711310855,0.0
1163016189580985472,liao2024,231.5390538274666,7.911705547176369,101.453995,91.98,-9.473994750976559,427.9472626646955,0.009,424.7003267572208,0.01,-3.246935907474665,0.0010000000000000009
1161986535597209600,liao2024,230.75359228678167,5.3741412926386385,-143.66943,-153.96,-10.290566406250008,429.5777140494377,0.0,432.1928993017008,0.0,2.6151852522630747,0.0
763130652442095360,liao2024,165.70882278529095,37.26170579847166,-165.5421,-161.48,4.062098999023448,357.872161061959,0.0,355.98468269037886,0.0,-1.88747837158013,0.0
838151499037299328,liao2024,169.19925075835044,50.54310276524325,328.14066,323.21,-4.9306555175781455,384.49359695653374,0.0,379.5938571527467,0.0,-4.8997398037870425,0.0
4425834129173812736,liao2024,240.87317960157705,5.451070721448066,111.87555,110.85,-1.0255493164062557,476.48154688944464,0.006,476.0950565549589,0.005,-0.38649033448575665,-0.001
1190076068393505536,liao2024,237.6561117642443,13.215952958571215,-165.9466,-175.6,-9.653405761718744,422.6646435443415,0.0,424.67806238152247,0.0,2.01341883718095,0.0
1558248773901786624,liao2024,205.69297475282235,48.30712588506745,-148.1039,-154.76,-6.656102905273428,413.16117044632097,0.0,413.9576537827592,0.0,0.7964833364382571,0.0
1181083197145550848,liao2024,223.7308908755879,11.132303012959627,123.48188,120.52,-2.9618801879882852,463.59194326277026,0.033,462.575265507451,0.018,-1.0166777553192787,-0.015000000000000003
44540533143317632,liao2024,56.46629364113731,17.744280666782544,304.10083,299.75,-4.350830078125,400.9194842955556,0.0,397.43117668461883,0.0,-3.488307610936772,0.0
3721443274830580480,liao2024,206.39615166358888,7.273607926135219,-137.33128,-143.94,-6.60871643066406,380.77701731226165,0.0,383.63175295574865,0.0,2.854735643487004,0.0
3329013968425610624,liao2024,93.72636353436839,9.202112502011754,397.09903,391.72,-5.379029541015598,377.9231308851703,0.0,373.6893442149775,0.0,-4.233786670192785,0.0
3651587624626016640,liao2024,220.3356765108587,-0.2676223271806056,135.25854,114.92,-20.338544921875,451.465415147503,0.021,446.1887504627281,0.021,-5.276664684774914,0.0
2824520959440564864,liao2024,353.86052835326797,19.561158001934174,-408.8807,-411.63,-2.7492932128906205,373.00055935723594,0.0,374.69746090297303,0.0,1.6969015457370915,0.0
585503312024810496,liao2024,141.00565850050336,5.115762851825344,345.15747,341.82,-3.337470703125007,400.2874337415996,0.0,398.6585091670806,0.0,-1.6289245745190328,0.0
1555978179311251200,liao2024,193.95319104130857,50.84743427563138,11.555456,4.17,-7.3854561614990235,391.48693746237745,0.027,389.6552410146977,0.025,-1.8316964476797466,-0.0019999999999999983
4434648703437122048,liao2024,251.19350417935877,4.40952320399864,125.96817,122.97,-2.998170166015626,427.2907669624814,0.0,425.76570646422795,0.0,-1.525060498253481,0.0
4433898531566743168,liao2024,249.93988414229432,3.223737525323856,-311.2482,-331.37,-20.12180053710938,407.13041388585094,0.0,418.6163271669224,0.001,11.485913281071475,0.001
1470738952685112576,liao2024,204.4608081217598,34.05340245317514,-14.063522,-19.56,-5.496477661132811,397.60207382152606,0.041,397.042903492079,0.037,-0.5591703294470562,-0.0040000000000000036
3584384752382223360,liao2024,185.5702611969482,-6.562640793925905,188.86005,178.57,-10.290046386718757,396.59857620561684,0.067,394.9805602387749,0.059,-1.6180159668419378,-0.008000000000000007
4250053208078040448,liao2024,304.8460388857219,7.26870721609916,-180.52058,-188.12,-7.599415893554692,420.05239400394146,0.0,420.0080667622488,0.0,-0.044327241692656116,0.0
4427196355359439872,liao2024,234.33788329883336,3.3805647980238254,286.48187,275.97,-10.511872558593723,387.9079629593104,0.001,379.0094920913121,0.0,-8.898470867998299,-0.001
1210883913628412800,liao2024,232.16003051840278,20.393693082866214,27.594234,24.39,-3.204234466552734,409.6095916933143,0.0,408.71793559218486,0.002,-0.8916561011294561,0.002
3689164087340434816,liao2024,196.4002740458878,-0.30563512191205927,-229.1884,-243.24,-14.051599731445322,396.0443900003024,0.0,406.9619485049854,0.0,10.917558504682972,0.0
3651065597121243648,liao2024,223.08259421940198,-0.07574271473987672,96.5666,88.79,-7.776596984863275,511.7274151647477,0.296,510.31766939059185,0.275,-1.4097457741558514,-0.020999999999999963
3696393857329932672,liao2024,187.53484833323844,-0.45696210619300287,156.0394,136.73,-19.309398193359385,396.9859596469643,0.202,394.64113572859986,0.167,-2.3448239183644546,-0.035
886810420485320576,liao2024,110.08246896565362,31.04343361659839,394.08078,386.68,-7.400780029296868,381.80070525539514,0.0,374.9174186696546,0.0,-6.883286585740564,0.0
4607259251473019776,liao2024,266.74830474304196,33.388345798673,-339.2672,-347.15,-7.882788085937477,384.4975649290572,0.023,387.5071054258351,0.027,3.009540496777902,0.004
1282795032101821952,liao2024,220.02221516260366,30.26808385486539,-335.5327,-337.28,-1.7472851562499727,398.97539598879706,0.076,400.08100537834065,0.107,1.105609389543588,0.031
50620110891433984,liao2024,60.00528426104044,20.190828021026526,315.19028,308.28,-6.910277099609402,410.14753038533337,0.0,404.5774986666461,0.0,-5.570031718687289,0.0
802937337058585344,liao2024,151.19904938946507,38.481217063249645,-209.78604,-219.06,-9.273958740234377,399.3647740497716,0.117,404.580328666817,0.108,5.215554617045427,-0.009000000000000008
3813349321492771072,liao2024,173.1856099557677,5.498246480104283,155.44852,146.16,-9.288516845703128,389.6237577324093,0.0,388.64106645052885,0.0,-0.9826912818804203,0.0
1446950949897421696,liao2024,199.08474344712778,24.429232042965772,101.83272,100.03,-1.8027178955078114,408.86325641051315,0.0,408.36005432760436,0.0,-0.5032020829087855,0.0
1175135766952270976,liao2024,223.1368380950575,11.139688653435565,24.423777,13.76,-10.663776626586914,381.0068397178216,0.0,379.48202563325214,0.0,-1.5248140845694707,0.0
1988544814102643712,liao2024,343.2367299467477,49.944056705539,-389.34567,-397.66,-8.31432739257815,400.61824714669206,0.0,403.97267519692696,0.0,3.354428050234901,0.0
2592810944153863936,liao2024,23.965210244578014,17.15853170898155,56.257145,47.52,-8.737144927978512,394.5726812200973,0.0,391.07452307859955,0.0,-3.498158141497754,0.0
780558392778802688,liao2024,158.2334404012358,41.57131272830722,174.08194,166.51,-7.571939697265634,374.78409995753213,0.035,371.18502973287735,0.044,-3.599070224654781,0.008999999999999994
3743491197387284864,liao2024,201.1492193577069,14.81263671883889,417.58902,410.26,-7.329019775390634,428.22800803121874,0.0,421.32566744384303,0.0,-6.902340587375704,0.0
4456736345851377792,liao2024,241.966368660377,10.907499900500513,-25.215773,-27.85,-2.6342273712158217,462.26040443113436,0.018,461.9131816531273,0.02,-0.34722277800705115,0.0020000000000000018
2832951018169421568,liao2024,341.5274617600914,18.18969104942857,-272.9109,-277.28,-4.369111328124973,391.7385382823691,0.0,392.6221787774262,0.0,0.8836404950570795,0.0
4422328435129459584,liao2024,229.47644376484897,3.394034933753991,-132.3164,-136.42,-4.1035937499999875,448.4709802947292,0.0,449.4299175248891,0.0,0.9589372301599042,0.0
4586965565362654464,liao2024,278.93102095148765,27.963774882385493,-234.47496,-242.96,-8.48503967285157,397.95641456327724,0.017,398.6346854401556,0.021,0.6782708768783436,0.004
2672173998389739264,liao2024,321.32613344862534,-4.4492698307200955,-272.49826,-270.28,2.2182604980469023,436.3109112868787,0.067,435.6965816933898,0.047,-0.6143295934888897,-0.020000000000000004
1478369769539089920,liao2024,212.6567524005217,32.21457347661733,-70.725204,-84.53,-13.804795532226564,401.21153103513524,0.0,401.4399465071155,0.0,0.22841547198027,0.0
603952739182245888,liao2024,135.58326892193975,11.454346365943735,13.226418,-2.59,-15.816417541503906,385.12805760867815,0.0,390.11460189906376,0.003,4.986544290385609,0.003
773180978994529920,liao2024,179.2643867524289,45.10330601815789,-164.76456,-170.42,-5.6554431152343625,395.7955257582645,0.0,397.52064184391037,0.0,1.7251160856458796,0.0
3905770111395591808,liao2024,181.12046902611434,8.688120052430259,306.08093,304.96,-1.1209326171875205,412.974627078852,0.015,412.36984941614486,0.024,-0.6047776627071357,0.009000000000000001
3685149598588691584,liao2024,195.29868832197695,-3.1126906148913966,332.26736,325.93,-6.337364501953118,458.4460517093348,0.0,455.0917092112282,0.0,-3.3543424981066323,0.0
1428946275194761216,liao2024,243.21297226451318,54.1236851607852,80.96902,80.98,0.010982971191410229,405.01701457607174,0.0,405.02409865046826,0.0,0.007084074396516371,0.0
3877058564258758656,liao2024,154.44467629206406,9.869414960885791,314.4333,308.6,-5.833288574218727,493.1936768746221,0.571,490.9481022943793,0.517,-2.245574580242817,-0.05399999999999994
1226788692921386112,liao2024,213.79916717654285,12.979645008165939,77.534584,83.34,5.805415954589847,425.36834026186045,0.003,426.66287581195303,0.001,1.2945355500925757,-0.002
1287203077301633280,liao2024,217.0888564600767,32.32901435104674,-127.968216,-131.41,-3.441784057617184,402.6506005235723,0.011,403.0569877414024,0.015,0.40638721783011533,0.004
1477675943342041472,liao2024,213.4841222197292,31.89236692281783,67.98254,63.14,-4.842536315917968,503.80892322986915,0.36,502.48446701036113,0.397,-1.324456219508022,0.03700000000000003
741253978822355072,liao2024,153.83520820607978,29.03608166390731,-148.7566,-158.32,-9.56339294433593,387.1654833651834,0.0,392.1281822847041,0.0,4.962698919520733,0.0
4429980078286167424,liao2024,237.5303150246977,6.900228779451304,-16.625776,-25.08,-8.454223709106444,523.614145714625,0.204,522.9290722589323,0.186,-0.6850734556927591,-0.017999999999999988
125510837155597696,liao2024,49.16564888762231,33.79753170741399,-242.48854,-261.52,-19.03145935058592,438.80563639925316,0.115,445.96000169444136,0.165,7.1543652951881995,0.05
1524973909913842688,liao2024,199.6157204898326,41.06656922729893,-132.91342,-138.54,-5.626578369140617,395.5435577702945,0.0,396.4945807783632,0.0,0.9510230080686597,0.0
3813460543965876096,liao2024,170.62511306162267,3.9945326268721852,386.36325,385.39,-0.9732507324218886,418.0375881447105,0.0,417.41652743923856,0.0,-0.6210607054719617,0.0
3656596724724276096,liao2024,219.4860889253207,3.6751914610760634,156.5714,159.65,3.078604125976568,424.68441483308453,0.005,425.83871383550064,0.007,1.15429900241611,0.002
4385330766506396544,liao2024,254.0478998218192,2.9788433653185122,-293.1372,-294.78,-1.6427929687499727,436.97257246977694,0.004,437.7186707580338,0.006,0.7460982882568601,0.002
699560910215543808,liao2024,135.21480092592734,30.106883440713517,-305.78586,-312.14,-6.354141845703111,381.5630957142862,0.0,387.5538928468675,0.0,5.990797132581292,0.0
65344186495160448,liao2024,59.43081591658306,22.543761723891645,202.29207,202.99,0.6979315185546966,405.9702281583803,0.006,406.3626699493784,0.009,0.39244179099813437,0.002999999999999999
1273534017460399744,liao2024,232.72173808227015,29.379977648466664,-184.81549,-194.65,-9.834509277343756,473.0065722137829,0.076,474.5947055562605,0.085,1.5881333424776471,0.009000000000000008
3897759894309065600,liao2024,177.18594005770439,6.573281954337206,230.95343,183.57,-47.38343017578126,393.10212769086877,0.0,379.7335925761889,0.0,-13.368535114679844,0.0
1793484407581206656,liao2024,327.9502410067646,22.80686281120688,-157.63368,-164.39,-6.756317749023424,370.9964559727154,0.003,369.9435217810797,0.002,-1.0529341916356998,-0.001
1480182073940289024,liao2024,219.16949770353318,35.62872942987709,-303.29297,-304.71,-1.4170312499999795,495.3072851363149,0.288,495.901378696368,0.284,0.5940935600531247,-0.0040000000000000036
4547925480869924096,liao2024,256.7448857754349,17.373980126571052,-294.58057,-310.47,-15.889433593750027,441.5210056894575,0.093,447.2449062309425,0.071,5.723900541484966,-0.022000000000000006
1319711100645496704,liao2024,239.9268947094616,28.321998351467396,-172.37003,-183.89,-11.519974365234361,396.30470477102904,0.009,397.74425990421076,0.006,1.4395551331817273,-0.002999999999999999
3657056526743053952,liao2024,208.13019611948684,-3.7904615443753658,257.8171,257.58,-0.23710815429689092,422.732474086685,0.0,422.6186164695626,0.0,-0.11385761712239173,0.0
4284233897849498496,liao2024,278.27642072987624,4.648037684234432,-279.13144,-283.74,-4.608560791015634,419.0964258014895,0.023,420.52428892586283,0.02,1.4278631243733457,-0.002999999999999999
2125719266307162240,liao2024,292.24698895558475,42.185178856804534,-311.86725,-315.92,-4.052751464843766,380.35822303605124,0.169,381.17610018300974,0.197,0.8178771469584944,0.027999999999999997
3844980381237978368,liao2024,139.08155577367924,1.6407485554538592,321.27676,319.11,-2.1667639160156114,406.03549557452124,0.0,405.1836854385903,0.0,-0.8518101359309185,0.0
367118106357580544,liao2024,10.986001973000024,36.33010191544938,216.06511,205.64,-10.425109252929701,413.60765049162075,0.0,403.67664972890265,0.0,-9.9310007627181,0.0
1190569439873305984,liao2024,234.52675379824396,12.396968792860596,65.182,65.68,0.49800079345703807,415.9797131580984,0.0,416.1434312635402,0.0,0.16371810544183063,0.0
4398079054075869312,liao2024,238.26953525681077,-6.10533971628107,-318.85037,-327.06,-8.209627685546877,434.9537412496065,0.0,440.5520624715388,0.0,5.598321221932338,0.0
1203885900077833984,liao2024,237.11051419425098,19.288883122079437,-239.91077,-259.77,-19.859233398437482,461.61809624034544,0.0,468.1009518322448,0.0,6.482855591899352,0.0
1155328885316769792,liao2024,228.60113518578873,3.2955090858900133,85.0546,85.85,0.7953964233398381,441.5910384878887,0.001,441.7928509356646,0.0,0.20181244777592156,-0.001
3634258462378915072,liao2024,204.7133382839882,-3.1390231137141775,-75.87188,-89.21,-13.338120422363275,410.2786994216678,0.0,414.9586431365944,0.0,4.679943714926594,0.0
4419551584154372096,liao2024,225.72394711980698,0.21968468428614832,-129.34708,-139.24,-9.892923583984384,420.21177850803525,0.0,423.16096590229,0.0,2.94918739425475,0.0
343584709232944128,liao2024,27.958681725527295,38.57425670702364,-475.54196,-478.32,-2.778038330078118,374.86681637049406,0.0,377.3066895838999,0.0,2.4398732134058605,0.0
3649852011161778688,liao2024,220.02184705260038,-1.1368250628430112,-56.259434,-64.03,-7.7705662536621105,393.872909774505,0.0,395.29953618951595,0.0,1.4266264150109578,0.0
4565639369106691584,liao2024,251.90563318818405,21.62618335378544,-286.77026,-301.45,-14.679736328124989,391.48572537986036,0.011,397.16332785844884,0.01,5.677602478588483,-0.0009999999999999992
3700459885689494272,liao2024,188.25266208772769,2.384279728967271,375.90195,371.86,-4.041947021484361,399.5504039915003,0.0,396.64340430089715,0.0,-2.9069996906031292,0.0
697111679344857856,liao2024,143.1328574882959,29.837640215891252,325.22134,314.83,-10.391343994140641,382.5454468610244,0.001,375.21053037355426,0.0,-7.334916487470139,-0.001
3831606024876821376,liao2024,153.94548560769925,-0.21037779447718385,148.53282,146.75,-1.7828216552734375,360.0876348084181,0.002,360.1318148782029,0.003,0.04418006978477251,0.001
1474997597440576256,liao2024,202.89333422166646,36.667402775809364,-116.195114,-119.49,-3.2948858642578074,358.86306717444455,0.007,359.3762934705292,0.008,0.5132262960846674,0.001
802371187350042240,liao2024,153.96350508992208,38.3630294971592,270.78116,261.17,-9.611158447265609,377.9042816127888,0.0,371.3376146314883,0.0,-6.5666669813005,0.0
1506503488956050560,liao2024,216.35635458222123,45.80234262015984,-323.91016,-327.61,-3.6998437500000136,396.2024185211645,0.0,398.155245475193,0.0,1.9528269540285237,0.0
93890566366563456,liao2024,29.39506180863887,19.74173579639878,-455.06204,-456.59,-1.52795776367185,378.3551376305671,0.0,379.7971964797514,0.0,1.4420588491842636,0.0
2123569205674089856,liao2024,275.49746099365746,49.44002895389446,-88.116356,-91.75,-3.6336441040039062,424.188434747472,0.083,423.04326073961215,0.07,-1.1451740078598505,-0.012999999999999998
4435875178595771904,liao2024,249.57203808117984,6.15962978143094,-191.71884,-196.83,-5.1111584472656375,453.7973151766694,0.04,454.92984581999247,0.041,1.1325306433230935,0.0010000000000000009
1288362168715406208,liao2024,224.85659695940058,31.462238369673962,-77.36643,-96.33,-18.963567810058592,387.8745440995068,0.001,387.283007306153,0.0,-0.5915367933537823,-0.001
3957047279266205568,liao2024,195.1342339400199,23.745446138045168,371.8019,372.94,1.1380895996093727,419.7501416160118,0.0,420.7622176774917,0.0,1.012076061479945,0.0
1850497933774341504,liao2024,323.33682137778607,30.624468230238524,-93.06237,-102.2,-9.137629699707034,442.713521631459,0.153,439.9021641662351,0.149,-2.811357465223921,-0.0040000000000000036
4374395985929111040,liao2024,260.8585560385602,0.43970346542367467,-32.17853,-37.84,-5.661468353271488,430.90302221897383,0.059,429.99837249164136,0.076,-0.904649727332469,0.017
2653208801494625792,liao2024,341.47519917313286,-0.8168793127440755,-303.62415,-309.36,-5.735854492187514,411.04925958442897,0.0,413.30837738845537,0.0,2.2591178040264026,0.0
1774483437903554944,liao2024,332.2526704482158,15.251071676311202,-280.37915,-276.83,3.549150390625016,406.53876758445676,0.0,405.84847982691076,0.0,-0.6902877575460025,0.0
3705761936916676864,liao2024,192.7642053871954,4.941082818133101,86.814545,87.33,0.5154553222656233,416.6790503210649,0.0,416.702390030454,0.0,0.02333970938911989,0.0
3702750168409332864,liao2024,193.21956870079194,2.5064444648459063,466.91925,462.92,-3.999250488281234,412.86958100043546,0.0,409.07475457474925,0.0,-3.7948264256862103,0.0
2819198498527766016,liao2024,348.5737494478147,18.870997759286126,-311.89676,-313.63,-1.7332409667968705,414.3862642119615,0.0,414.9121043486701,0.0,0.5258401367086094,0.0
2553772642075155072,liao2024,8.753995807199288,3.5831951702624543,210.42918,163.11,-47.319183959960924,447.1976944426893,0.001,415.1691608905438,0.0,-32.02853355214546,-0.001
4467979165785261824,liao2024,269.1615223683136,1.4968104728273453,75.96416,66.57,-9.394157104492194,496.8679747826082,0.134,493.1423004349606,0.111,-3.7256743476476117,-0.023000000000000007
4450458649852400640,liao2024,242.69748972926607,7.159996140854514,-119.920296,-124.18,-4.259704284667976,568.3198805729011,0.413,568.6475815844121,0.391,0.327701011511067,-0.021999999999999964
4443717204762199552,liao2024,256.21662247432135,9.35534843368013,-277.4695,-280.01,-2.540487060546866,485.002795737715,0.036,485.8357912445336,0.015,0.8329955068185768,-0.020999999999999998
3968357165106270592,liao2024,167.48623418425677,14.281512866767738,78.545296,75.21,-3.3352957153320375,417.4076397891711,0.0,417.50254459845314,0.0,0.0949048092820135,0.0
2759224674718906496,liao2024,359.5847548984581,9.711986999576405,-443.96283,-449.27,-5.307170410156232,418.13497512869384,0.0,421.96343903773067,0.0,3.8284639090368273,0.0
694677944716195712,liao2024,141.95623148242564,28.5217384236008,412.30286,389.99,-22.31285644531249,396.6768091767441,0.0,376.9137200759673,0.0,-19.763089100776767,0.0
4417748320661390592,liao2024,234.18582506265076,1.716176391552677,-90.50472,-97.82,-7.315277404785149,394.47309957907254,0.0,395.51804026899447,0.0,1.0449406899219298,0.0
1239218976815790976,liao2024,218.45866184245313,19.220598368889593,-127.07144,-129.39,-2.3185583496093614,457.88607580008033,0.0,458.2972200701095,0.0,0.4111442700291832,0.0
4462292766519058304,liao2024,248.57668209396323,14.7322608381489,-378.95435,-388.08,-9.125654296874984,445.0851804312318,0.0,450.54420837677475,0.0,5.459027945542971,0.0
3266449244243890176,liao2024,46.839834678366344,-0.18993409094559846,408.37854,401.49,-6.888540039062491,411.6452541918182,0.0,405.01196314948635,0.0,-6.633291042331848,0.0
4433991921336042112,liao2024,251.13319275008269,3.5490675301048933,203.64287,195.46,-8.18286804199218,451.4880279122796,0.002,446.214603966293,0.0,-5.273423945986622,-0.002
4458341877643629440,liao2024,241.3128497141281,13.287982988945561,53.22036,45.34,-7.88035980224609,408.6508342488203,0.0,405.90644129678697,0.0,-2.7443929520333086,0.0
1329974079617820288,liao2024,242.49553311142216,35.09614840791007,-129.50462,-136.84,-7.335376586914066,398.14611956329327,0.0,397.84535407079346,0.0,-0.30076549249980644,0.0
2119046398954218880,liao2024,280.7361635904568,46.018617700467956,-196.55835,-201.34,-4.781650390625003,395.92501612859706,0.0,395.57293008067234,0.0,-0.352086047924729,0.0
1109593191626896128,liao2024,108.48173790494862,69.6857971427074,-173.21077,-186.43,-13.219230346679694,396.8652542832388,0.0,398.9579637061181,0.0,2.0927094228792953,0.0
3380074532502165248,liao2024,104.23832513203769,23.124677162207234,414.83176,403.18,-11.651756591796868,389.90484621596187,0.0,379.44089396911824,0.0,-10.463952246843633,0.0
1191992482798637952,liao2024,241.02798912646267,14.564782463100387,-20.589285,-33.8,-13.210715103149411,395.5832203544103,0.0,393.29807792735306,0.0,-2.285142427057224,0.0
3910968052615480192,liao2024,175.23141847992065,8.101426320262455,372.45584,367.88,-4.5758410644531295,398.42299903621193,0.022,395.2721817692821,0.027,-3.1508172669298347,0.005000000000000001
1220794292970528640,liao2024,233.06983619605933,23.13238313783226,62.561657,60.41,-2.1516569519043003,398.2712642528251,0.0,397.40965355438703,0.0,-0.8616106984380849,0.0
637219558696168704,liao2024,137.51301837208325,21.58744516062851,-243.43144,-250.38,-6.948557739257808,372.15147733118783,0.0,378.3568849287061,0.0,6.205407597518274,0.0
4422830744441532544,liao2024,235.60474592118067,0.8839680037496697,-148.21178,-150.11,-1.8982232666015761,407.2602654775192,0.0,407.772607419786,0.0,0.5123419422668007,0.0
3711095766606269056,liao2024,202.2181313429894,0.9495643877612514,-19.406069,-20.77,-1.3639311981201168,427.81993937318526,0.001,428.0632709306142,0.0,0.24333155742891677,-0.001
1038229698662764160,liao2024,140.5592170038441,58.41600527920067,303.37985,299.34,-4.0398522949219,388.3053199803508,0.0,384.4502600482505,0.0,-3.855059932100289,0.0
3652658029259658112,liao2024,216.88774738186052,-1.1253296266969448,292.2745,288.14,-4.134505615234389,413.23211214513606,0.0,410.5334184875489,0.0,-2.698693657587171,0.0
1204061267883975040,liao2024,238.11124181886743,20.19693940953324,-262.89703,-266.69,-3.7929663085937477,608.6061140386092,0.67,609.6122538108802,0.702,1.0061397722710126,0.03199999999999992
