source_id,v_grf_bj,v_grf_mc_mean_bj,v_grf_mc_std_bj,P_v500_bj,P_unbound_bj,v_esc,catalogs,distance_kpc_bj,distance_kpc_invplx,v_grf_invplx,v_grf_mc_mean_invplx,v_grf_mc_std_invplx,P_v500_invplx,P_unbound_invplx,delta_P_unbound,distance_ratio_bj_over_invplx
785709604755443456,429.08327551260055,429.99891596347123,33.29548827498488,0.028,0.032,498.1643564352185,"li2021,liao2024",3.07137060546875,3.4296223126642977,485.38742972339213,488.9133053929172,40.85241140146257,0.361,0.398,-0.366,0.8955419359523469
1307536070952352384,326.98626839204417,327.252263902477,13.470972665177834,0.0,0.0,538.7174957694261,li2021,5.4858876953125,6.348567882302985,365.4918100489382,367.6525854375821,18.738014783818464,0.0,0.0,0.0,0.864114206072324
1359836093873456768,454.04174680900354,454.8633076719267,18.09977863139899,0.007,0.0,516.2030125442353,"li2021,liao2024",3.363302490234375,3.527098464998,475.8966296949313,477.07673371058183,17.908195031904963,0.103,0.014,-0.014,0.9535607025465568
1313253325258442752,377.2197820664786,377.6050529160868,14.240641805902504,0.0,0.0,532.0194088164925,li2021,5.84772412109375,7.17720113971409,428.236154084399,432.1994390535569,30.6078342281492,0.03,0.009,-0.009,0.8147638622994894
3891412241883772928,426.6306757562693,427.74098855748133,18.40520538653113,0.0,0.0,509.4981138792572,"li2021,liao2024",4.98175830078125,6.18317539672591,492.4854894829113,495.4499456686443,30.14403360554174,0.396,0.306,-0.306,0.8056957762219021
1390742128779653632,339.4610094603979,342.72672615589926,42.40386220710281,0.0,0.0,518.4891419388961,li2021,4.3846025390625,5.035235564160912,406.2378305229368,408.2852503526082,50.19667191611626,0.048,0.024,-0.024,0.8707839947490449
2125193798525926656,374.51106732331186,374.49837219578757,23.836565747802748,0.0,0.0,506.11711668042267,li2021,5.14613330078125,5.903533731705261,444.2076796659358,445.9650275766069,27.452683317262135,0.03,0.03,-0.03,0.871703886969198
1218569465547760000,324.6540303166602,327.2776466610285,39.83811359216907,0.0,0.0,538.7489198146617,li2021,4.45591357421875,5.535948650975172,418.1978438888751,430.0329407367677,69.99118746247848,0.146,0.052,-0.052,0.8049051490811477
1389588741082664320,360.0985022580992,363.3905680692708,25.90421341313231,0.0,0.0,520.1289676227061,li2021,4.2235732421875,4.803715330900977,411.0256820363148,416.0876198605122,38.1079351493854,0.022,0.008,-0.008,0.8792305437040403
3685801299746274688,421.87062507333576,423.12131960774946,24.504216218919964,0.001,0.0,522.4461511139186,"li2021,liao2024",2.90582470703125,3.2731180160882043,473.20645668811807,479.1525312241662,40.56070131191467,0.29,0.131,-0.131,0.8877848866885903
1469218534262614784,399.6458655666683,401.1152269569454,29.730218245204544,0.001,0.001,515.0975644152467,"li2021,liao2024",4.82756982421875,5.906901055226655,498.33887287540335,504.9702500117775,53.68883063273919,0.503,0.378,-0.377,0.8172762298002485
4526508609270671104,277.3023994258929,280.95045694894435,34.370955210217645,0.0,0.0,542.7295035015986,li2021,4.98532666015625,6.020845184510231,361.4081447031704,367.4526692079655,53.99251219423323,0.016,0.006,-0.006,0.8280111026574726
3858981901607901952,306.19093453722036,307.52413105151084,13.09238297652696,0.0,0.0,497.2077372478009,li2021,3.623090576171875,4.40988266883037,358.1360322496439,359.40371052637755,20.273038665935303,0.0,0.0,0.0,0.821584347760623
1230634715875730048,369.15678659644124,369.58464188101794,20.08410942220882,0.0,0.0,529.2280672369709,li2021,3.965116455078125,4.77086757232701,438.43969658098416,442.6112620539842,35.38837357591759,0.058,0.007,-0.007,0.8311101481997589
1381686104337042176,432.59196423060166,434.2102456070408,30.059248040475975,0.014,0.006,519.5549784068513,"li2021,liao2024",5.608509765625,6.751934460163353,526.4139381554646,529.7338655927583,50.910281341854365,0.694,0.558,-0.552,0.8306522817594574
1268023196461923712,436.70663666133385,437.75329323388246,32.851554335208014,0.039,0.003,528.3593291701552,"li2021,liao2024",3.703101806640625,4.052465699508465,489.5082751942013,493.2802746855784,34.93591578156876,0.41,0.147,-0.144,0.9137897964416539
3974373349136229248,360.4230538222783,362.63951312602984,20.75618758449041,0.0,0.0,506.42736126818676,li2021,2.306584716796875,2.552364897182027,390.6583671548861,393.82838559136,25.34719641480211,0.0,0.0,0.0,0.9037049206183219
3650271784085541376,351.2316996338912,351.4793559882876,17.169977566232387,0.0,0.0,558.6136210730805,li2021,5.0636728515625,6.501315710719062,432.5225213418571,434.9364008134287,34.14491231084872,0.038,0.0,0.0,0.7788689362083671
4607189947880564352,305.5689813026053,305.60280679724286,21.904987604619635,0.0,0.0,525.0112357344102,li2021,6.3246708984375,7.7951074812421135,392.74083687856574,396.99952330343916,41.56125140272534,0.02,0.012,-0.012,0.8113641683141607
2106519830479009920,352.6961972104446,353.3267210602976,12.75537110404781,0.0,0.0,509.3607599478995,li2021,4.77714892578125,4.978306562771412,365.35837571395666,365.8519760396909,14.646759357881352,0.0,0.0,0.0,0.9595931599523317
1586744644959730560,311.0901432090896,314.76580278566155,38.26753815294297,0.0,0.0,510.6161739075672,li2021,7.46785009765625,9.504741944366511,444.77973503461754,451.22014626628885,74.86746927684939,0.241,0.219,-0.219,0.7856973015540382
4573804101936966784,297.59918933122935,298.63975182499235,25.15589859734767,0.0,0.0,539.172864926745,li2021,6.3936904296875,8.264330569144274,433.8126180001097,438.67424625098016,56.467287199981975,0.142,0.07,-0.07,0.7736489212518918
1296361321961628288,325.66511612650197,327.1774567054152,19.912460033644354,0.0,0.0,519.9762252044643,li2021,5.96870849609375,7.3530287729301085,394.05664694056475,398.4064396542994,38.40408187844952,0.01,0.005,-0.005,0.8117346851772592
4570149462726186880,413.3798485551461,414.67031655816464,24.964399271161806,0.001,0.0,533.9455415360751,"li2021,liao2024",3.593100830078125,3.836106110844724,445.57321998100156,447.2970143722075,24.296503737697957,0.023,0.0,0.0,0.9366531389526427
1375165725506487424,529.3003124116008,529.5166628097617,69.39273386660632,0.65,0.489,527.3650748607131,"li2021,liao2024",7.507490234375,9.888495710915663,762.5981185910124,772.0818825643339,128.55630488235033,0.996,0.989,-0.5,0.7592145917692688
1321141977590168448,402.04307538143115,402.4609257702343,22.886254505188617,0.0,0.0,528.7365472266711,li2021,3.83355615234375,4.387091230814559,478.66868131072965,479.7544864394688,30.343945089997266,0.225,0.057,-0.057,0.8738264035671687
1890506653647184768,417.7864450726849,418.9898511379794,14.538321943798547,0.0,0.0,496.01279692973844,"li2021,liao2024",4.8608994140625,6.027819692960581,474.62119440067835,476.6649524059991,27.08108388284595,0.178,0.298,-0.298,0.8064108851396407
1220165578474729344,361.7055992503216,362.499316148216,17.28723100126216,0.0,0.0,529.9171737193562,li2021,3.26202197265625,3.6250798441350325,399.26844765799416,401.3366484919681,22.82376323133258,0.0,0.0,0.0,0.899848310357586
4552754742098901504,388.6251835872404,388.68307395292146,28.493716467391323,0.0,0.0,536.0479872871795,li2021,3.582544921875,4.004936651364624,445.7366116023339,444.8878151471885,30.523583147664542,0.045,0.004,-0.004,0.8945322320277649
1188320526276861184,329.55597189868365,329.46629950919834,21.480817522901116,0.0,0.0,535.3004839016107,li2021,3.95345751953125,4.782462900641602,404.277234286435,407.0951587866379,33.776765215539406,0.011,0.0,0.0,0.8266572269699918
1246482080046432256,404.49077131716865,404.79893012858116,15.587002411006027,0.0,0.0,518.7067547506402,"li2021,liao2024",2.0089185791015627,2.1639385793348116,437.7848011422188,436.91645321229043,18.270152363410613,0.002,0.001,-0.001,0.9283621070793509
1340129650048148736,332.45853168749466,331.9880387594331,34.18702228160517,0.0,0.0,524.570392941972,li2021,5.10456787109375,6.032733743155376,413.62515510231515,414.52647138132477,48.43250755959958,0.051,0.026,-0.026,0.8461450626567592
1589483528424371200,362.50545900912334,367.7708441889325,52.2486134451904,0.009,0.01,500.89963905916153,"li2021,liao2024",8.937525390625,12.069428136667996,539.9723191832088,554.9200526854198,99.53204320834939,0.684,0.707,-0.697,0.7405094333734009
2090923674657279104,334.807763646526,336.72949154748153,34.79500038968762,0.0,0.0,519.808628574848,li2021,6.34188671875,8.029034481814904,436.1282337991695,443.87355820879026,60.83673442171581,0.157,0.138,-0.138,0.7898691596248398
1375413287421022720,330.3713195845871,331.17904770756905,15.203238376590015,0.0,0.0,524.3504648133069,li2021,4.845078125,5.4826552422017025,373.6063194535457,375.27119920267654,22.046976612512015,0.0,0.0,0.0,0.8837101570249989
3938269613528220672,304.4876889396526,307.704166021798,35.58927221860653,0.0,0.0,518.877118099704,li2021,4.3614970703125,5.266187744502517,377.50566979414236,382.90280042575125,51.331113462325966,0.026,0.012,-0.012,0.8282076678457879
4402540322507190016,394.8651094372168,395.96523374017,24.791150840334883,0.0,0.0,561.5344623933504,li2021,4.28193408203125,5.295016025572328,468.5021727564127,473.4463176162171,41.3945797979956,0.246,0.003,-0.003,0.8086725443986591
4453413316772077952,330.82693704040736,332.81541140062444,27.51239484689956,0.0,0.0,550.8657011724872,li2021,4.13633349609375,4.950444868937374,399.05485238444277,404.99093496493055,48.612081797967285,0.049,0.004,-0.004,0.8355478357203935
1191345695083956608,439.5834566403091,440.912950015566,17.858537127232005,0.001,0.0,536.712318827589,li2021,2.98791796875,3.3394770939711385,470.9531858028963,472.71181074371293,21.787772771528413,0.105,0.005,-0.005,0.8947262953664755
1392488565561508736,269.8749928183024,270.95878462189364,15.698437164954601,0.0,0.0,518.2609986863897,li2021,5.88231640625,7.075215826617575,321.643901027829,323.91146740447357,30.68558850982238,0.0,0.0,0.0,0.8313974513851883
3939346894405032576,476.13267631209584,475.9418028903281,3.8610515871615028,0.0,0.0,513.8613339986435,"li2021,liao2024",1.1693450927734375,1.2311701937501431,482.7731889045226,482.87055092055033,4.694112097903361,0.001,0.0,0.0,0.9497834651207836
3914622279510527616,416.046102766868,417.1723129576221,19.45093362354863,0.0,0.0,507.537635627082,"li2021,liao2024",2.319626953125,2.5573117694300804,475.25280951845855,476.4243288279385,26.307243031111167,0.19,0.135,-0.135,0.9070567698681296
3699461804008527232,344.993185127402,345.75215823997587,22.43808960656798,0.0,0.0,513.1825966826461,li2021,3.09508251953125,3.5312921808761986,418.77308388562415,421.04676610608743,38.2532500851038,0.03,0.016,-0.016,0.8764730758595245
3687816326602695040,430.94978668120194,432.7268822674515,27.756067812131523,0.01,0.0,522.7216682378153,"li2021,liao2024",3.061747314453125,3.5340121592007967,493.1473687593331,496.3672234596264,37.39121481246164,0.428,0.204,-0.204,0.8663658121497599
4567682192993492608,393.75218274219816,393.9753198665829,17.97509844050448,0.0,0.0,538.0426622072339,li2021,4.11922021484375,4.724596815480018,447.39168597375505,450.63346183078585,25.566160020390775,0.035,0.0,0.0,0.8718670345260432
3960007851762445696,477.07348334687,482.48246307103767,61.01491724893146,0.375,0.32,508.0092379437506,"li2021,liao2024",6.35853466796875,9.134702961707156,739.8362497432416,764.599556969875,159.07405924634708,0.992,0.988,-0.6679999999999999,0.6960855426414899
1310191185375174272,456.7406315653305,459.38993196189665,32.751433790409195,0.115,0.027,530.7850961963496,"li2021,liao2024",6.73490576171875,8.596873199567318,532.272973133717,539.5576082980209,55.07483092695403,0.754,0.536,-0.509,0.7834134115247529
1162871264500396928,406.77975014887426,408.4042585326735,31.029649273522445,0.006,0.0,555.5885109153564,"li2021,liao2024",4.7599599609375,5.986912634244725,513.0543881376879,518.863749118953,55.148023064868184,0.599,0.123,-0.123,0.7950608688877233
1278823046346776192,306.05223423845456,308.2477653260925,20.933414825738105,0.0,0.0,527.3239371512965,li2021,5.3351513671875,6.487006726142701,373.2680051543619,378.6642581666439,43.736113615969685,0.015,0.003,-0.003,0.8224365400588822
4386050328146789504,355.47285465933885,358.10992232494857,45.229695351237815,0.001,0.0,572.7165716472093,li2021,5.177013671875,6.660451708691752,498.42557747632884,508.44673242496447,82.2440635667235,0.483,0.13,-0.13,0.7772766620496782
1313540057274791808,320.510205718858,321.44388496595644,26.821721439316676,0.0,0.0,530.3846568323668,li2021,6.1675546875,7.649608972509116,423.2492320850227,427.8952834727917,48.64291992241988,0.072,0.034,-0.034,0.8062575106341686
4451839606395241216,346.5994429751744,350.6241581194711,31.251739601262383,0.0,0.0,552.4357004189403,li2021,4.036818359375,4.771592623402137,413.22900113324573,419.49931685355534,46.30118394434725,0.055,0.004,-0.004,0.8460106882504056
4442041892639187840,392.1569671114188,395.5026993424392,43.70254467704273,0.011,0.0,560.1751100751304,li2021,4.59568603515625,5.600883362886946,514.2538651420945,518.3480280583067,67.84135855929134,0.587,0.189,-0.189,0.8205287875852905
1263658066580590848,370.76140481816316,370.6876102424944,20.030804742728613,0.0,0.0,532.9049164134118,li2021,4.074734375,4.7624102311438765,422.67993672666626,426.1259281866674,33.35281297901274,0.027,0.003,-0.003,0.8556033976983322
1201687392216167424,352.9562164390668,353.4668531869252,12.717922366127576,0.0,0.0,537.4011655235471,li2021,3.5430751953125,3.7859080091196726,376.7903915103754,378.2918468427205,18.028009067467725,0.0,0.0,0.0,0.9358587653946621
1196253502675947008,361.3290024602744,360.720916463922,35.948003917549734,0.0,0.0,540.7993148418956,li2021,3.889424560546875,4.536368886432141,453.8590337523038,457.44939640901623,52.32739386468958,0.193,0.055,-0.055,0.8573871873999893
1305842238930165120,357.6526520428314,358.26214012693356,21.722286170656545,0.0,0.0,529.3883391766564,li2021,3.338689453125,3.7589796584864548,420.28689127503503,421.7654380233414,24.75658578080766,0.004,0.0,0.0,0.8881903485663757
2796519662454821888,337.7932410716306,337.53199062617296,25.59201870682974,0.0,0.0,499.9455885921506,li2021,2.62791748046875,3.011464467815337,407.11312569077216,411.749957633113,33.04149413505469,0.011,0.014,-0.014,0.8726377178128121
2093319922812118272,294.83494803722124,295.31878484097507,12.121331062715532,0.0,0.0,516.9307100784989,li2021,5.43527197265625,6.359645504068306,326.33879509282144,328.1535755807684,20.428770398223776,0.0,0.0,0.0,0.8546501482164803
6338338634642496128,394.76466569501713,394.71556973704594,5.881284539754226,0.0,0.0,529.1221099374925,li2021,2.1019638671875,2.288417641067576,412.14333690107503,412.71331413774953,8.508406401398789,0.0,0.0,0.0,0.9185228384303606
2853512332285518592,295.14099566416303,295.4741212525957,8.019808355778732,0.0,0.0,500.2959757896123,li2021,2.8280146484375,3.1851647966907297,321.8626069034547,323.20828870358457,12.734051438633577,0.0,0.0,0.0,0.8878707473395739
4033245977691021696,283.89610360491343,284.30907102947623,11.809962970685483,0.0,0.0,504.9749216933912,li2021,2.394458740234375,2.634797243031252,309.7100267356925,311.5184257156226,16.284063029488074,0.0,0.0,0.0,0.9087829230759422
3911135384541380992,322.45633002099896,322.4585010425757,23.610128594554055,0.0,0.0,508.15974745360666,li2021,2.302863525390625,2.5392338003712216,378.45132314754716,379.7770863342213,31.595236948487095,0.001,0.001,-0.001,0.9069127565385903
4551368635893771008,388.7027500983958,388.9698301264672,8.446705053914508,0.0,0.0,530.8133001534138,li2021,2.531913330078125,2.739794209223346,404.81983671698526,405.4436124445789,10.437202355126734,0.0,0.0,0.0,0.924125367355912
4463303217704933376,396.9505363147474,398.36952066899,29.50423080786419,0.001,0.0,565.5421957336707,li2021,6.0526884765625,7.780789396174189,493.49781618124996,503.23408042151425,61.71940250007725,0.459,0.114,-0.114,0.7779015943470472
1298328687565047040,295.3846332571351,296.3281460848672,18.369917145007893,0.0,0.0,542.6114921328843,li2021,4.6122412109375,5.495742108347549,348.23467732018247,350.6093157931773,29.225775596714893,0.0,0.0,0.0,0.8392390181358604
18591405891430144,368.88604753915513,370.0832134653139,29.231296306900372,0.001,0.001,487.9636564426122,"li2021,liao2024",3.463704345703125,4.161766734410704,435.92332268092775,440.51975383117036,49.169481520278794,0.11,0.176,-0.175,0.8322677763422455
3897377367341812224,332.95446501847925,333.3941860519113,11.050454221852485,0.0,0.0,509.53239146230345,li2021,2.56847998046875,2.7268778772543176,348.91877589519567,350.1463319921974,12.439745072488364,0.0,0.0,0.0,0.9419123613467216
1352078558303082368,342.1127140596013,343.1544204326652,23.850550129474758,0.0,0.0,520.1471471783291,li2021,6.87829443359375,8.46206236097148,434.5644179652526,438.3801433145235,43.17087270108655,0.076,0.059,-0.059,0.812839014909374
4454407790680400128,390.66249269945934,391.624172622976,25.20589349403698,0.0,0.0,564.5011038719555,li2021,5.2990703125,6.708499724116377,511.1081347497631,515.2748123281499,52.07690683625916,0.58,0.079,-0.079,0.7899039323875021
1181043649086820224,311.7940782067871,314.21895068701537,26.359128624208786,0.0,0.0,550.3084203394121,li2021,5.0974013671875,6.42235318514274,395.8069716765936,400.7629735290863,54.17918105754773,0.057,0.004,-0.004,0.7936968304670101
1337022361468692864,420.50563753175464,422.06814892355516,13.083688728769307,0.0,0.0,522.3113368989409,"li2021,liao2024",6.65093798828125,8.402244325449852,455.3079707902434,458.39433540441485,25.2456867195192,0.067,0.048,-0.048,0.7915668398425396
1322487951620883968,374.2281954686748,374.92327636220017,36.05653894975461,0.0,0.0,533.1882428032649,"li2021,liao2024",6.67950390625,8.852060949211047,533.0223244452352,540.594326971996,75.29817539835936,0.686,0.491,-0.491,0.7545704830291888
1426437773775389440,339.6397299510357,339.64630120339456,20.023153155388233,0.0,0.0,507.2017374747477,li2021,4.62368017578125,5.160801688728002,371.0481561117986,374.26890363141496,26.20473303838901,0.001,0.001,-0.001,0.8959228535907688
1335963909728809600,294.5674770835595,298.41086920118,34.45152777246354,0.0,0.0,524.9917880480809,li2021,6.007353515625,7.365765406622533,380.63955723958844,388.7837178067731,58.050805446804766,0.049,0.031,-0.031,0.8155776330079438
2568079148073936896,363.8831861947475,365.42939468479483,28.595695180766825,0.0,0.0,490.43010501119613,li2021,3.63992333984375,4.360033355505221,460.6134007525738,465.2741228332985,49.54147624156818,0.221,0.299,-0.299,0.8348384159143599
4580533903375688576,341.7856160279584,344.5025353615434,41.60916504949692,0.002,0.0,539.7812468640734,li2021,5.45460888671875,6.668925635051427,445.07905979989687,454.32656381250234,71.66736072391275,0.214,0.119,-0.119,0.8179141866644443
1508756353921427328,364.50166434063556,365.0121517072276,6.834665959701573,0.0,0.0,509.4597712612769,li2021,4.06685400390625,4.379649169559052,378.56249830148056,378.77321713773404,9.374988292103017,0.0,0.0,0.0,0.9285798579879642
4595327282568833152,370.21630685882104,371.164801036602,20.39460559745612,0.0,0.0,530.983160420269,li2021,3.73192529296875,4.244589557707722,436.2089905219057,435.28772999240545,27.64576096816706,0.017,0.0,0.0,0.8792193549531713
1400950785006036224,446.42025875493965,446.9757935279474,28.670165929463742,0.041,0.023,513.3231827117414,"li2021,liao2024",5.7501533203125,6.873623018381404,551.6315388296982,554.1979652792162,48.20481843079624,0.882,0.805,-0.782,0.836553489322221
4577663593912862720,242.9308523530656,244.6319351829876,29.652011087882318,0.0,0.0,536.466041279396,li2021,7.14551025390625,9.411623602225983,360.03270104363173,369.36432040304305,64.29588893098953,0.04,0.034,-0.034,0.7592218469315151
1490900937921299712,357.21922353302625,358.0066666869058,17.09940319595108,0.0,0.0,515.0777832998212,li2021,3.119579345703125,3.390645539498365,390.2469270666535,392.25203740852015,24.480831760984582,0.0,0.0,0.0,0.9200546944121611
1610496909322844928,375.4426977978512,375.41001202646686,17.543048856543866,0.0,0.0,502.23912982138967,"li2021,liao2024",4.96840625,5.876774039226386,428.7101037217652,433.5593208819012,35.03924146836579,0.041,0.045,-0.045,0.8454308804178623
671028480394587008,266.6655767319447,267.69010076061573,29.0995818616271,0.0,0.0,478.3850651494468,li2021,3.98592724609375,4.769641323871879,349.3087623562028,352.20799106631927,41.70687123827804,0.002,0.01,-0.01,0.8356869993859563
4449563273728977664,382.4632626724567,384.10868490357745,38.670916160973185,0.004,0.0,565.9927739498506,li2021,4.96244189453125,6.226044229756947,492.7011650108395,505.6762229966416,69.22106874414473,0.485,0.091,-0.091,0.7970457181806713
2080053078073153664,427.1087704551712,427.1480578949185,23.97327797655688,0.001,0.002,503.34463359371176,"li2021,liao2024",5.59440478515625,5.911863454014023,453.3654167798424,454.90134995098947,29.592357696435442,0.07,0.073,-0.071,0.9463014206388299
1272009269712167680,338.04549412990036,339.251399693712,25.52659117166998,0.0,0.0,537.070444848364,li2021,6.01260888671875,7.742097735152984,444.38123466415084,446.0677309523777,58.29371398384839,0.155,0.059,-0.059,0.7766123720472434
4430017496040440704,282.35470776575914,285.00212999840664,30.173821377192812,0.0,0.0,550.8464653582217,li2021,4.01305322265625,4.760998123193492,372.4249890324353,378.09742993165145,46.9593362620119,0.008,0.0,0.0,0.8429016602855643
1270017401319252096,376.6558828399417,376.63452536476353,16.643064493817935,0.0,0.0,532.3284406689098,li2021,3.920739013671875,4.5566064752971265,429.59702618348695,433.51125123785647,29.640560542346908,0.021,0.003,-0.003,0.8604515300865897
1341901032000157056,353.201400244446,353.3656064455161,20.040220498002622,0.0,0.0,520.8490327987853,li2021,4.5362685546875,4.802896164683305,378.6250197810464,380.3980860802581,20.497026780810053,0.0,0.0,0.0,0.9444860765559803
4571076144869370240,297.8320014974281,299.18172896857226,27.532534077527057,0.0,0.0,535.0016666241777,li2021,4.56088525390625,5.333627195692234,368.00033479088,370.11856196023035,35.792323020465375,0.003,0.0,0.0,0.8551188687484386
1292239459027680128,388.19626863860105,388.5679989945942,10.248349781095273,0.0,0.0,521.9811067473843,"li2021,liao2024",4.59069140625,5.374563110825087,416.72055764088583,418.25296578874696,17.147031739826247,0.0,0.0,0.0,0.8541515489889281
3793377208170393984,452.79806997375385,453.347071702424,11.422225002215779,0.0,0.0,509.185776953548,"li2021,liao2024",2.71151904296875,2.921504427459129,473.84557976045033,474.80421344906915,15.241495528503375,0.06,0.02,-0.02,0.928124228559528
3710479632074215424,378.2402724359513,379.2289104634191,12.763002561841143,0.0,0.0,514.695567517442,li2021,1.8734332275390626,2.0392534795167245,402.2199003637665,403.8522713510551,15.135664915637708,0.0,0.0,0.0,0.9186858065251609
4419532656233649024,347.1921293662544,349.24191046828327,28.145814509451107,0.0,0.0,556.6849773621664,li2021,4.717173828125,5.851605046766975,450.9930059864796,455.1313535599939,46.97815709540057,0.167,0.007,-0.007,0.8061333241776544
4357393447354698496,405.56516360552183,408.0686981434127,27.741353189201476,0.004,0.0,565.482561307421,li2021,4.20853564453125,5.14931376948683,502.3367422012977,505.424878275199,55.48461742416352,0.493,0.063,-0.063,0.8173002914426526
1192061374074988544,407.294629597573,410.45085056181847,24.668585089852055,0.0,0.0,551.3075842252535,"li2021,liao2024",4.6943955078125,5.731352281177805,489.2952854313566,495.29868132979647,44.30809915754843,0.431,0.054,-0.054,0.8190729303500066
4447040203783595392,240.90535133827777,243.2637310517104,23.215419921279597,0.0,0.0,556.8366687619492,li2021,4.6682861328125,5.554418204073573,297.7674428143157,301.46692269588476,38.38348889855656,0.0,0.0,0.0,0.8404635663531439
3910919261787056512,387.79143850099103,388.9601131647206,26.757668387595913,0.0,0.0,506.2045323825239,"li2021,liao2024",3.5543271484375,4.3272692740906304,501.5178096778959,505.5841619752648,46.18800261821702,0.525,0.482,-0.482,0.8213787780018466
4565070577998452096,457.8670048258236,463.0180258595733,47.24527714088431,0.214,0.042,549.9238158687369,li2021,7.1007314453125,9.637704905319284,618.9512773824889,635.3156522773286,103.33353983932143,0.953,0.797,-0.755,0.7367658083610169
1325038990396158976,357.6207885394702,358.88090332709197,15.639755562142028,0.0,0.0,528.6010014635901,li2021,4.3642236328125,5.047970298197655,416.7773828079204,418.9522714066885,24.31144877381211,0.003,0.0,0.0,0.864550180568756
4601980530506725888,468.47729292080965,468.8913679228696,15.708496878248296,0.031,0.001,524.7539623200462,"li2021,liao2024",2.974829833984375,3.2854020370785895,512.7040676928744,514.0746392307888,19.529808675103855,0.76,0.275,-0.274,0.905469041660917
725973412895939584,363.24198022855893,364.98116388766806,24.484694545965723,0.0,0.0,488.67401322930107,li2021,4.531048828125,5.644223426918305,464.13756373131685,466.4113412844619,44.55003726318119,0.213,0.325,-0.325,0.8027763051539778
4458473093187331584,452.18004177144053,453.3194300359556,20.660048573833063,0.016,0.0,532.877819538123,"li2021,liao2024",2.5763720703125,2.7182765037734025,482.3690760145301,484.0887859193857,24.197502453708363,0.234,0.022,-0.022,0.9477961740595865
1383279090527227264,648.2704564538101,652.670755394828,54.72435578699624,1.0,0.996,520.0124942337341,"li2021,liao2024",6.38669482421875,7.651049933323279,812.5882488940069,821.6166287354218,101.54333785079282,1.0,1.0,-0.0040000000000000036,0.8347475026142785
4407486097603812480,383.2329295407436,383.38969685746133,18.055109623202856,0.0,0.0,555.3604953922769,li2021,3.73084765625,4.402379880893954,427.8194734676281,429.40920765798853,23.488142413683395,0.01,0.0,0.0,0.847461545161434
4571257044593546496,308.4221418624112,311.64328779885415,28.39191249724688,0.0,0.0,542.7363812956357,li2021,5.0608916015625,6.018974566111285,375.67898662662196,381.6286597969601,39.980837272393984,0.008,0.004,-0.004,0.8408228920017219
1785504976820834048,356.9394837823204,357.2935027651621,12.555245603453866,0.0,0.0,516.82066027081,li2021,1.7370006103515625,1.8637087906163186,379.87140076482694,380.6711036089958,13.183879840633958,0.0,0.0,0.0,0.9320128869366687
3727307245219281792,350.6908712460988,351.83181024222745,39.445347257063574,0.0,0.0,533.8857205898105,li2021,4.51988330078125,5.463159805015889,470.0526172491954,478.99855652477964,66.50647540529846,0.345,0.168,-0.168,0.8273386578645221
1189859739480364032,363.06112745666974,363.5423613321896,12.182596007122358,0.0,0.0,530.9459173245983,li2021,2.3771865234375,2.592252052341441,401.9459504769049,402.89604274950784,18.033794383337792,0.0,0.0,0.0,0.9170352556150224
1428780386377656448,336.235974194071,337.70462419716534,18.44584681257702,0.0,0.0,509.2672430374884,li2021,4.5160546875,5.173579190647776,377.65776869291744,380.07146604775176,24.717185587963847,0.0,0.0,0.0,0.8729072313541897
896734887315190272,301.28121296268114,302.4267172160205,11.61088655899149,0.0,0.0,471.4028399617547,li2021,4.6388837890625,5.826825991474197,349.334769054393,354.0040612365171,27.94112562334613,0.0,0.004,-0.004,0.7961253340755511
1279002644699609856,373.19630871438534,377.47733827714586,49.574771101311505,0.009,0.006,526.5040961698082,"li2021,liao2024",5.51898974609375,6.957633617315361,499.73375031748213,514.7445579429651,95.8136226352272,0.518,0.391,-0.385,0.7932279923965414
1197781136644152576,411.6487348981163,412.4412298969852,16.785919379098633,0.0,0.0,534.4224138751447,"li2021,liao2024",3.284845703125,3.7441385725087706,466.70434487333443,468.87701103176494,25.231072908890074,0.11,0.006,-0.006,0.877330162735932
3855198520751976832,311.0109342016408,311.3883507874679,27.03554648828344,0.0,0.0,497.8550471186424,li2021,3.560932861328125,4.2059450336584145,387.121132991493,389.1097692728049,39.715066627972064,0.011,0.015,-0.015,0.846642748022495
1372772466649676544,367.0550054137623,368.9932275606919,34.10786181849989,0.001,0.0,529.0133795740389,li2021,6.97800927734375,8.894270241848538,493.00087445826637,502.6835399772804,74.5273270526712,0.473,0.325,-0.325,0.7845510747482615
3648546993938943616,329.45899542099056,333.6556569993001,33.880232530440125,0.0,0.0,542.0421437494205,li2021,3.527116943359375,4.158662570514409,393.2148621276994,397.6320192839525,44.12084890101088,0.026,0.004,-0.004,0.8481373238519532
1505326015081603584,360.10154679144404,360.0917498443037,16.934421609856383,0.0,0.0,511.1167649936656,li2021,2.94763916015625,3.242518651389034,406.9041553658916,408.6909585459438,27.407266825734634,0.001,0.001,-0.001,0.9090585057678966
1319620322217052672,357.7419868365844,359.76073329787874,21.700706519828017,0.0,0.0,531.848914341986,li2021,4.00767333984375,4.627975283087429,415.63090218817496,417.0405834350918,29.441664675374568,0.007,0.001,-0.001,0.8659668850197788
1419012565594414592,344.83759520172714,346.14694839225814,31.652675347525864,0.0,0.0,500.5298734014604,li2021,7.24846826171875,9.128369634329728,450.2935163467242,455.1004247014786,64.70291970829106,0.204,0.246,-0.246,0.7940594599126337
1288726553737756928,443.24710643204503,445.7675378670072,43.25333183796523,0.111,0.034,527.9409693018041,"li2021,liao2024",5.23731689453125,5.777400847361278,505.3325583838939,507.53318055771575,49.64892776941134,0.522,0.31,-0.276,0.906517832655371
1366088157507230208,376.7671630824456,377.2209370793508,12.978290232502117,0.0,0.0,514.5951642901584,li2021,3.798287841796875,4.147363263184032,401.3028342433082,402.0801026721452,16.112192346090744,0.0,0.0,0.0,0.9158319637718053
4459976988872598272,401.21969947622773,402.9847132308159,24.636548704858342,0.0,0.0,544.7175553066545,li2021,3.622915283203125,4.1833430410515176,470.23060958700876,471.08073234243506,37.30185588777891,0.224,0.016,-0.016,0.8660335161738195
1327043297014218752,395.2454767071967,396.29430056459597,24.075698949774523,0.0,0.0,527.0522304757048,"li2021,liao2024",5.1965478515625,6.09803000184339,471.1247723977111,475.5734650160971,40.87754298032828,0.252,0.109,-0.109,0.8521682986130966
1406194871355128064,365.9423833510063,366.5147800408335,15.572906889815975,0.0,0.0,515.1169037683997,li2021,5.26013720703125,6.133491096765814,405.76840599336714,407.9473051345431,24.285184300615914,0.001,0.001,-0.001,0.8576090066886894
2148005748521592704,435.8694242402228,438.07450472079694,34.41678158939451,0.043,0.064,495.4088483733204,"li2021,liao2024",6.47123486328125,8.205818812277503,540.5908347194,551.6497825989616,67.12675217583255,0.761,0.807,-0.7430000000000001,0.7886153729837445
1321524641996311552,274.1814196333474,275.203965428632,23.61137987626621,0.0,0.0,534.2381179392236,li2021,6.6826826171875,8.663241252719086,394.3620488671548,400.4199362619331,50.84402805222922,0.037,0.018,-0.018,0.7713836452482541
1319850910420860544,259.83029300047895,259.96198221051696,16.827575921684016,0.0,0.0,530.7814482361558,li2021,3.84077587890625,4.11937340214107,283.7980507953914,285.54541978997264,20.545329110751748,0.0,0.0,0.0,0.9323689561402669
4454762486259697024,411.6606482373701,414.09019227041244,28.356818007683685,0.005,0.0,551.6959038762644,li2021,4.22176953125,4.972768203403422,478.85334801944583,482.44359138240435,38.852856587837294,0.293,0.021,-0.021,0.848977744098462
1172784530055677952,441.65794032035467,443.9204907210722,33.50587926407479,0.065,0.001,545.5355901319228,li2021,4.64367529296875,5.773386024984292,543.2637549541536,552.1409020286162,61.74876235297826,0.803,0.409,-0.408,0.8043244073535485
4427066402532783744,418.8365314342825,419.07981234172115,10.858083290043622,0.0,0.0,528.3248073084175,li2021,1.8647315673828124,2.009895572257638,443.5274890986439,444.13620207146624,13.097115371753008,0.0,0.0,0.0,0.9277753496855717
1381834504046491776,345.44976111647014,346.9823479264223,24.261737385950525,0.0,0.0,520.1974989623096,li2021,4.807490234375,5.580374333103534,412.93175756715453,416.36238340467975,35.03573197994614,0.015,0.005,-0.005,0.8614995961572539
4446284358256648960,347.130616946079,346.8177243740308,17.75966939162777,0.0,0.0,537.5365346877932,li2021,2.708967041015625,2.816724210598377,368.6974544756711,370.9192381042389,21.71276363495518,0.0,0.0,0.0,0.9617437982826652
4564974576889224192,390.26226343850055,391.007531969559,13.539918236055472,0.0,0.0,540.6568663512451,li2021,4.156767578125,4.761159503973034,421.6298371303347,422.84829456466804,17.231379619640208,0.001,0.0,0.0,0.8730578285932894
1205886736360431360,383.7482964485089,386.8991846071024,47.3804200274468,0.016,0.003,538.0760067398184,li2021,3.938954833984375,4.314558939033298,431.991391401614,436.1741611723152,56.7049528450851,0.12,0.041,-0.038,0.91294495906618
1565897801417595136,403.9115382249623,404.86024725387966,8.924430418674635,0.0,0.0,493.01753105380857,"li2021,liao2024",6.38969677734375,7.874185348898549,430.14778869794316,434.38382428972886,24.818264205954556,0.028,0.052,-0.052,0.8114740121322581
1200341899221905664,393.84792126005374,394.6918131377762,16.40010755412991,0.0,0.0,547.864486660155,li2021,4.7254892578125,5.287373186702735,426.0243683236948,427.2907422079803,22.098210674003663,0.002,0.0,0.0,0.8937309871935422
3729576671579097600,416.81293898705906,416.5268705432093,13.918689608524453,0.0,0.0,519.0185260573553,"li2021,liao2024",2.355489990234375,2.6260046039443803,444.9484081298436,446.6540172461601,18.583374183673076,0.007,0.0,0.0,0.896986237836872
1169298837678089344,341.39689667137543,343.1251121886725,34.690091432402404,0.0,0.0,545.9279267686445,li2021,4.1256943359375,4.910436087660539,448.2086922741336,454.62552047980233,52.455118286371714,0.18,0.037,-0.037,0.8401889897935907
589402489494411392,445.88422328352567,445.84124675580125,3.1995898744237654,0.0,0.0,504.7728030568417,"li2021,liao2024",1.02749462890625,1.0692483645332669,449.3572829814309,449.39858802067835,3.273432406398545,0.0,0.0,0.0,0.9609503862601253
3736372993468775424,457.6607912883766,457.81329984129826,4.166130563551846,0.0,0.0,517.6170570531768,"li2021,liao2024",2.32450390625,2.4308075109494403,462.5615396978898,462.74197170527003,4.642789528203858,0.0,0.0,0.0,0.9562681930919658
1249356066002407040,320.4836432909373,321.3983746677053,21.282620244146326,0.0,0.0,520.643781180639,li2021,3.129438232421875,3.519507726825387,361.2824453182059,362.32974928755766,25.34626117978695,0.0,0.0,0.0,0.889169303016318
1536773937420508544,353.0451426918908,354.1698045128471,22.58054690680849,0.0,0.0,498.7977211350526,li2021,4.66485546875,5.565883019178994,403.07574815676406,409.09711769456345,38.418746558681626,0.021,0.029,-0.029,0.8381159741726117
4579654775110020096,326.88217221542226,327.7650505440791,40.60297218633509,0.0,0.0,533.7759139850882,li2021,4.9580380859375,5.995634515568295,419.2001595625858,420.6850297255036,48.89921072914398,0.064,0.026,-0.026,0.8269413475860534
1491978699834840320,353.0716613840146,353.5301970363085,12.317534884214083,0.0,0.0,513.9902647453891,li2021,2.95166455078125,3.284942419926643,396.9804056093899,398.2119404706836,15.184598031114334,0.0,0.0,0.0,0.8985437713843291
1353065198190586752,335.14950732558395,335.46743417405685,21.577571410678832,0.0,0.0,521.2806695521282,li2021,5.8294501953125,7.060196311753714,423.0321985823185,426.48016558028644,35.076685250388465,0.026,0.012,-0.012,0.8256782018380586
4594877960270902912,381.33625638981846,381.57683557351675,15.049418462407697,0.0,0.0,528.803365107785,li2021,2.907497314453125,3.047031445758684,407.7523767678333,408.0521360978432,18.302931517980397,0.0,0.0,0.0,0.9542065338709309
4557012394719359616,332.0489050030297,332.6649999035808,15.441916647273722,0.0,0.0,534.7786186422716,li2021,3.49168896484375,3.9422088316799,382.7756324050728,383.1802881878785,18.118763996821073,0.0,0.0,0.0,0.885718924067204
4434466291883669760,294.3391679442099,296.57995916579625,19.661088449581538,0.0,0.0,570.1193208208973,li2021,5.11044873046875,6.318956976584366,369.2519524414351,373.0621723499372,38.98294820727484,0.005,0.0,0.0,0.8087487775919532
1365416287183646720,338.6397619938707,338.8266318050606,11.717107662515264,0.0,0.0,511.1815166291452,li2021,5.0626259765625,5.814242732672743,383.97846559128425,385.22472223240595,20.23659834016206,0.0,0.0,0.0,0.8707283492162129
1314105790367184640,286.97931395089483,288.0897621837441,34.54658452770276,0.0,0.0,531.1277104131833,li2021,6.44007275390625,8.018814088689838,398.0129005662865,400.77601328613923,50.59343461124085,0.039,0.022,-0.022,0.8031203470585097
1323248882386869120,370.1174753864097,370.2302306193553,8.817633306851079,0.0,0.0,524.8352924263064,li2021,3.17129248046875,3.3300692066578055,383.4999911015222,383.51071394905284,9.729668096547632,0.0,0.0,0.0,0.9523202923616082
2043980781626220160,439.9816845705983,440.05725878449505,4.3034737877808364,0.0,0.0,516.3928920577531,"li2021,liao2024",1.1201876220703124,1.1586437717740752,447.0626146142137,447.16414189619337,3.746453688319712,0.0,0.0,0.0,0.9668093415417234
4564648331173245568,453.70292443210934,457.94633508240315,49.003908094785416,0.174,0.039,551.288743601744,"li2021,liao2024",6.80011865234375,9.024007349271102,601.9979912612877,622.1761889243768,116.79215191032944,0.876,0.694,-0.6549999999999999,0.753558634113149
1325089293053553664,413.260890743982,413.593579778492,9.965583405290692,0.0,0.0,520.2486111893329,"li2021,liao2024",1.8582523193359375,1.9660107022557172,431.41625108156245,431.7393094878566,10.420676720457353,0.0,0.0,0.0,0.9451893202838915
111520616843040640,313.75382439582455,313.9845246321363,14.452091514030787,0.0,0.0,487.7208573563564,li2021,2.836529541015625,3.232524536909681,360.5024045587099,362.57383376069214,22.597189219687653,0.0,0.0,0.0,0.8774966774814862
1302386920560766592,276.52150167108533,278.71294077526835,39.06627442844822,0.0,0.0,549.283904388893,li2021,7.214123046875,9.498611518260628,402.9789933871061,413.10363327164833,73.76850949562564,0.116,0.055,-0.055,0.7594923777023823
3800899310813242496,402.8069135840931,403.00786873438375,6.216664698133966,0.0,0.0,508.4626459363847,"li2021,liao2024",2.72639599609375,3.0445545439370343,417.3452166514537,418.13838523288547,6.997563914184639,0.0,0.0,0.0,0.8954991466725831
1298012135592707072,369.6556369893257,370.47477606650887,12.368504709164931,0.0,0.0,541.4822410412542,li2021,4.5439384765625,5.142666139877428,401.67891276010175,402.95858184393416,19.576193465401328,0.0,0.0,0.0,0.8835764082229149
1591118433495659520,411.16420223324144,415.57916224132407,49.51217390386684,0.052,0.039,509.6743379106864,"li2021,liao2024",5.2618251953125,6.047569574204893,503.42577055399437,505.42278934919085,58.36370500065763,0.498,0.435,-0.396,0.8700727012312713
1330646534057434240,358.9696253174582,358.932597537885,20.498770815192497,0.0,0.0,524.8200803475323,li2021,4.915537109375,5.781879310604626,436.9055232532784,437.2115483366852,34.32680450648417,0.045,0.011,-0.011,0.8501625242089272
1207475255783881088,441.4269994160115,443.3041612083615,54.45542327446955,0.149,0.025,548.8064499657644,"li2021,liao2024",5.13147265625,6.159608979482072,564.6777166750396,578.0229178648249,90.97191650461725,0.807,0.565,-0.5399999999999999,0.8330841573455654
3829022408774668800,384.8881869511303,388.2260210683452,26.274864113996575,0.0,0.001,495.4032045521857,"li2021,liao2024",3.645323974609375,4.320148645738229,452.2415729118527,455.49970462576687,36.36971779082535,0.118,0.165,-0.164,0.8437959601703613
1283488411626738432,417.02504343656466,418.7991468767178,25.08586875218612,0.001,0.0,521.1341045511521,"li2021,liao2024",3.213447265625,3.4886578151136014,463.1353782494652,465.0410883447133,29.61551548946959,0.126,0.029,-0.029,0.9211127705628419
1550504947867879808,339.8321109826078,340.76336104136067,30.71087255339893,0.0,0.0,504.5135803994416,li2021,5.80428369140625,7.309658135572399,451.39245090563185,458.43694389584334,54.36259199743813,0.217,0.211,-0.211,0.7940567922266768
1284444436982250752,364.1965765513188,364.272105024094,29.10522078457883,0.0,0.0,522.9153473255228,li2021,3.898416015625,4.547492027186038,454.56227760473666,456.6299470299631,42.3044275582358,0.151,0.053,-0.053,0.8572672568350421
4561683669868966656,431.9525825237714,434.6150955676889,49.02979224627105,0.09,0.021,551.8810040706825,"li2021,liao2024",7.56588916015625,9.846133020450045,545.747109162973,555.5814383626788,81.390557563397,0.739,0.478,-0.45699999999999996,0.7684122431052054
1167423311358847744,280.67594831493847,281.8473013335776,14.68698510295925,0.0,0.0,539.0611911152351,li2021,3.427280517578125,3.7404445211303057,306.0625960370765,306.91797335329085,18.275732548904084,0.0,0.0,0.0,0.9162762602725231
3725136049056254592,354.1266421150281,354.6056031401716,12.896168284913593,0.0,0.0,523.9982182019442,li2021,2.852835205078125,3.2349036964056976,390.6999459462883,391.2419964305253,15.70511373556858,0.0,0.0,0.0,0.8818918499020267
1398409401317253504,327.3877655240896,328.74173351463975,13.727633123749428,0.0,0.0,515.9282079496807,li2021,2.78928076171875,2.8958873141023562,343.07134408847503,342.96037624258094,15.270681370109406,0.0,0.0,0.0,0.9631869127419237
4558537967102516352,309.95954946394187,313.2161358028734,35.560896722662456,0.0,0.0,551.4772041079842,li2021,5.1206689453125,6.331344209998987,396.4569365508307,400.0141723231102,50.38287847312772,0.041,0.005,-0.005,0.8087806910301153
3669398682203817984,368.7927574671599,370.8513294506386,35.91008595880287,0.0,0.0,533.3727843802826,li2021,3.31431787109375,3.8280725134188125,458.504320912079,460.67832369285645,45.76993752888564,0.185,0.053,-0.053,0.8657928655938042
4462391894364204160,292.59445554511484,296.8627186309149,33.2115429421861,0.0,0.0,552.8215976963512,li2021,4.831375,5.700515382604959,362.01267051072233,370.1552373573244,52.80024319938271,0.02,0.002,-0.002,0.8475330168817494
1337186910255681792,341.4006326664725,341.68862927411357,9.713840626583176,0.0,0.0,522.1428760049142,li2021,2.984352294921875,3.2274808545139,372.4554285559579,372.9042189172623,12.624876111430565,0.0,0.0,0.0,0.9246692480756347
2121940794593313920,231.46704253347067,231.61307257150992,3.8935090222481223,0.0,0.0,510.1668929472409,li2021,4.7517177734375,5.441706956298727,244.43781491659004,245.10895191573434,7.5882124521498096,0.0,0.0,0.0,0.8732035391831288
1329881651921667584,348.8402018225516,351.5899124261083,44.65598389020906,0.002,0.0,527.6250259768249,li2021,5.33425732421875,6.280000258026943,436.3051588590599,441.6486509617467,67.57631029589518,0.17,0.1,-0.1,0.8494039976193682
2125840899780633728,241.9577579294202,242.5447974373627,7.954698831105359,0.0,0.0,505.57966064915513,li2021,5.7950966796875,6.8811911400980845,270.7602137896454,271.9005544300031,13.702148499226219,0.0,0.0,0.0,0.8421647592258129
4569158940189096960,379.64393034277987,380.33914792286095,9.262361251277547,0.0,0.0,541.2172367118729,li2021,5.75567236328125,7.143841838959077,419.7412359845592,421.7942598992321,19.5261334038138,0.001,0.0,0.0,0.8056830614435753
1332365036371481088,325.84264082859926,328.04237959652454,24.274145805320323,0.0,0.0,521.809126162282,li2021,7.20674853515625,9.034159844929292,432.9223710962462,438.7398453939376,55.155508141416306,0.133,0.096,-0.096,0.797722052615802
369471061241098752,325.91277196613265,327.4735031058488,22.344933327516486,0.0,0.0,473.67275564011356,li2021,5.98361328125,8.246052949927082,460.3665312922035,466.20509260890435,57.60366534137924,0.252,0.485,-0.485,0.7256336234541051
4420963017782711168,444.48766020760144,445.740756064399,17.457749484364722,0.001,0.0,545.084958608752,"li2021,liao2024",3.447223388671875,4.0047599668980824,481.14695451023965,483.3076497704465,27.015863502162688,0.23,0.01,-0.01,0.8607815242774582
1485076859188949760,474.8733173526667,474.78121359824144,4.244361067465797,0.0,0.0,512.2791194895515,"li2021,liao2024",0.5709057006835937,0.5830477821629533,479.029799582929,479.02766112500166,4.263918934464142,0.0,0.0,0.0,0.9791748089079154
4439062078689009152,402.98383741347203,404.3074126019626,22.028500209443386,0.0,0.0,550.2971878849582,li2021,3.75674951171875,4.364980287242278,460.4465306100161,463.3726652980167,32.54282482691103,0.124,0.005,-0.005,0.8606566959073719
1380602398188565376,227.47511171016376,228.23602227796442,10.816859154021863,0.0,0.0,520.4443534754593,li2021,6.66867724609375,8.437965410793666,285.5492264141495,288.1985057199014,26.884298784079416,0.0,0.0,0.0,0.790318153895644
1397690664309963008,356.5959349475076,357.5027897621649,20.380460042994866,0.0,0.0,515.8073092438511,li2021,4.4238623046875,4.687837857052724,386.60135464124363,388.64012025292936,25.532774696197702,0.0,0.0,0.0,0.9436892741569378
1298337316156102144,469.34366702963916,471.9415020347517,57.13187792601757,0.297,0.097,548.199127889029,"li2021,liao2024",5.73095361328125,7.213155863411866,620.7963230329897,627.6528895373999,104.81152401455155,0.921,0.762,-0.665,0.7945140409832313
1229758027151233792,324.877880632473,328.71665222708356,41.82310389504898,0.0,0.0,534.4703783704612,li2021,4.61891796875,5.570982733618011,422.5173854726253,428.02479633132174,61.5601191273664,0.119,0.036,-0.036,0.8291029051081436
4452077135267110912,362.09222066950406,364.7500703873181,38.4044164905783,0.001,0.0,559.9779192246634,li2021,4.77797119140625,5.855391353501245,470.8519661085248,483.7239301406205,72.29968391781695,0.36,0.098,-0.098,0.8159951919437888
1375618037102054272,398.0807905176032,399.3299404863209,31.374053328486873,0.001,0.0,524.7172511290535,"li2021,liao2024",5.53861328125,6.723205374350346,495.9682365243486,501.7666873437425,61.92895693690304,0.468,0.324,-0.324,0.8238054577925471
4383628481987412992,325.6870161782746,328.9809591706272,32.840750716307234,0.0,0.0,557.6183474718556,li2021,3.913501708984375,4.47682665452501,385.46432716363853,390.4413296952667,43.875562033226686,0.01,0.0,0.0,0.8741686938065276
1285140492266249216,339.1714059720901,340.2153838748173,17.852556980748357,0.0,0.0,520.5893645769926,li2021,3.519426513671875,3.8795342897967324,369.35951593157046,371.95718311366704,21.37284066103713,0.0,0.0,0.0,0.907177576166307
2688149803556948992,406.4673138028756,408.6387001052928,27.910105718282505,0.002,0.0,523.4765943376054,"li2021,liao2024",2.519780029296875,2.794877697673105,458.41635577831494,459.6017061349413,37.70244752243202,0.138,0.047,-0.047,0.9015707669050189
4436082127304474624,401.59669832701394,402.64743615197125,31.61176149971156,0.007,0.0,548.2876428133783,li2021,3.388869873046875,3.8814231766990446,456.45164639588535,462.59677173537256,46.666057059223384,0.181,0.028,-0.028,0.8730998190021987
4446266216314832512,375.7251959381501,376.98380447895687,13.024165082366805,0.0,0.0,559.2620721672318,li2021,4.72537890625,5.829769561646967,423.2298147725499,426.97862301752485,26.203160748459403,0.011,0.0,0.0,0.8105601527266943
1284095307680706048,369.7232274304982,371.12289856316414,22.525479549535486,0.0,0.0,525.4130507910388,li2021,4.342357421875,5.075600625596099,433.87914818053304,435.4794678434068,35.01518623097159,0.043,0.009,-0.009,0.8555356778814754
1292931223640904192,382.4924087144616,386.0195487865724,39.22649486651921,0.006,0.001,525.1882280336073,"li2021,liao2024",5.96911572265625,7.467305117502897,482.78946008622364,495.1921416853853,68.22102240410916,0.423,0.266,-0.265,0.7993667901241929
1458334846616738816,328.122466301051,330.7586051464952,26.589659481534802,0.0,0.0,516.7200974177871,li2021,4.3691533203125,5.004925867822058,385.00798323199365,387.9412938968433,39.331303349911046,0.017,0.007,-0.007,0.8729706364689432
1569119954603029248,383.29599564045816,384.3828503893541,34.09004199165556,0.002,0.005,491.8492708501271,"li2021,liao2024",6.5059755859375,8.475185225915592,536.4890507537655,548.3778853862269,79.01341761994685,0.72,0.783,-0.778,0.7676499583800713
2095732148240710144,392.46828779059626,393.6462739471365,26.226327633325607,0.0,0.0,521.2314062033977,li2021,4.48432763671875,5.151052562421403,462.3993792864762,464.5569404781773,31.752050113164593,0.127,0.055,-0.055,0.8705653033776772
3967215872036695808,390.8683907993849,393.1901715394745,18.05972373674676,0.0,0.0,500.7441575164432,"li2021,liao2024",4.39767333984375,5.508098263284399,450.2927217274921,456.3048774762892,37.875556806153426,0.127,0.147,-0.147,0.7984013954793684
1325809541888655872,348.9182563155592,351.4202987764047,28.802128860598057,0.0,0.0,530.406503051806,li2021,5.70863427734375,6.822007349145205,420.99761466647016,426.83567710498136,42.61346487700005,0.05,0.016,-0.016,0.8367968524775979
1193446449488421504,450.6735772686375,451.6655715805199,11.534050355617216,0.0,0.0,544.3220118425365,"li2021,liao2024",4.2336953125,5.046721839881296,490.42489560367216,492.31719732638294,19.321155225690184,0.323,0.002,-0.002,0.8389000715362551
2703747063191473536,377.2918066753435,377.8013314733269,24.909008782091693,0.0,0.0,517.9939248227471,li2021,2.931190673828125,3.333606845845971,449.17457115516396,450.41958481895153,30.86029930017979,0.058,0.022,-0.022,0.8792850535091444
1966232459000174080,329.6034541583641,331.9197430717118,28.597869035036762,0.0,0.0,495.9718700618442,li2021,5.6021396484375,7.162636393020204,414.35793789088996,420.13403417610004,55.78715844109551,0.097,0.131,-0.131,0.7821337481121664
1532306449878388480,366.9660029719433,366.7723748875948,15.306056532451745,0.0,0.0,506.392699772882,li2021,2.4318515625,2.660491129445318,394.7484056324467,396.0631706533371,19.603798307135555,0.0,0.0,0.0,0.914061142916501
1292042509007461888,370.83868300509425,371.39270822210597,24.719693211557228,0.0,0.0,521.639192928453,li2021,3.833581787109375,4.453085389492917,450.6698748589078,453.40113505503035,37.808275029218336,0.114,0.039,-0.039,0.8608821641181047
1433854048424586240,376.15857616461864,376.3294817725235,30.105041079508315,0.0,0.0,500.3305871922148,"li2021,liao2024",5.8946005859375,6.897833544550072,435.2336044916573,440.82590219225483,44.63849205310822,0.098,0.124,-0.124,0.8545582533801183
1248201681872449280,326.90056296382494,328.3950617875021,21.051291508465763,0.0,0.0,525.3512529235603,li2021,4.063220947265625,4.827868327059057,388.86933284447025,391.1237416001017,32.09549385006468,0.002,0.0,0.0,0.8416180127556991
1442061456048795008,334.03596459325973,334.43328273821714,21.41774052046445,0.0,0.0,521.9327604623846,li2021,4.46461767578125,5.454269499363534,408.2988148621437,412.08974795176744,37.02225898750419,0.02,0.012,-0.012,0.8185546526995471
1475401844058846720,389.05963716394103,390.8933771127707,22.790824058164848,0.0,0.0,511.6621386902236,li2021,3.00291796875,3.270575025303849,424.6699507738234,427.67056015883935,33.8938058553173,0.03,0.017,-0.017,0.91816208022044
1167034565278836224,333.79865962664593,334.3586119069763,17.643184555084037,0.0,0.0,541.6796910928197,li2021,3.61932373046875,4.161938893350418,384.27601823864796,386.5146048096322,22.355753296567936,0.0,0.0,0.0,0.8696244282325695
1415333565328292096,323.2696141302912,323.79258704356823,19.285483422558727,0.0,0.0,507.8754710340635,li2021,5.9597060546875,7.060678570949066,374.5876275045707,377.34458724703876,36.32858492765199,0.005,0.007,-0.007,0.8440698715855042
1205472765941819392,362.54679573888114,363.2876012685252,15.439955308130578,0.0,0.0,533.4408354573677,li2021,3.23981640625,3.3879646900066698,381.0376331456616,381.2560791426494,16.452841217735763,0.0,0.0,0.0,0.9562721877847027
1325235184502274560,348.6925264439432,350.6730237500252,25.320647915977556,0.0,0.0,531.391578413424,li2021,5.00018701171875,5.943827274011485,446.82518448353693,449.79934480958343,41.27580431401453,0.113,0.034,-0.034,0.8412402953870035
3704026082934394880,351.5103861787294,353.7190355055049,19.221150973510976,0.0,0.0,517.0036425814599,li2021,2.946759765625,3.389562799401322,392.07647754373903,395.59618894155784,31.557514628786972,0.005,0.004,-0.004,0.8693627880697381
1286508357749747840,250.06419907455677,250.21240578736203,18.03523230168943,0.0,0.0,524.6197984446668,li2021,4.6241005859375,5.225163573396191,290.0396173062249,292.4737531728717,27.77073228540873,0.0,0.0,0.0,0.8849676227326182
2105847208541125248,479.3290064932491,480.49651632312896,56.42606631283296,0.347,0.422,491.1982180110796,liao2024,9.0034794921875,10.616737020628388,573.9963923215496,587.1283596823117,87.4166215900966,0.859,0.883,-0.461,0.8480458237492067
1297316350890352000,522.7951132856529,525.0307308762452,84.78646648639103,0.582,0.341,554.2540236592694,liao2024,9.1148876953125,12.04037378505135,722.8821520987924,739.8558820699579,135.4345808367564,0.994,0.96,-0.619,0.7570269709258554
4561622303377078144,416.4031136352934,417.7879268541664,36.655882454166026,0.014,0.001,543.4206287371272,liao2024,4.45735107421875,5.2561168386308275,519.1907957711469,522.6796905495199,54.05389607471857,0.644,0.284,-0.283,0.8480312008018169
1158126425149936384,492.07171277201945,500.64182490968534,92.21632121481468,0.479,0.09,596.1496677954178,liao2024,8.2558056640625,10.22319584973527,641.1113529485186,671.548356731642,155.46294804530748,0.915,0.56,-0.4700000000000001,0.8075562461494157
4563791777254871040,414.90053483692606,415.40262651305443,18.862991376871598,0.0,0.0,557.4124565410897,liao2024,7.82839794921875,11.170285570368831,497.0671635872684,505.5928797770225,56.50375997135119,0.45,0.214,-0.214,0.700823439105708
1180456372438570112,392.1065202752871,393.5870240756122,33.319377755040286,0.004,0.0,558.0563774956483,liao2024,5.91025146484375,7.011006050073337,459.73757936612475,465.20736993363965,46.96137758900825,0.207,0.015,-0.015,0.8429962009206835
1155172720304980224,409.35740904199264,409.4394699024658,1.5990134092197514,0.0,0.0,541.7975283752526,liao2024,3.625714111328125,3.998670931992007,406.6858641992041,406.5989952158831,1.639998760320635,0.0,0.0,0.0,0.9067298042257038
4455192670185376384,402.4014132940777,402.537263711853,4.693744066955545,0.0,0.0,525.0686951800434,liao2024,1.58851025390625,1.67448814795048,411.32872228609085,411.69726548615705,4.596832369632509,0.0,0.0,0.0,0.9486542235909735
4450042282840862720,422.2377716634033,424.11952768919883,27.920883644607585,0.011,0.0,579.4931643768704,liao2024,6.185990234375,7.007114603876401,477.34920181562575,485.35348371447526,46.579811019774155,0.328,0.014,-0.014,0.8828156215616699
4410572804703078784,439.26923249462453,442.5093249571564,40.63338078203402,0.083,0.0,593.3151731057523,liao2024,6.4118955078125,8.476917667849877,581.0573675185161,593.1814588219843,80.86246156745477,0.9,0.228,-0.228,0.7563946895615941
3723857355688487296,403.78949734527276,404.4266650517957,9.430323891561244,0.0,0.0,527.5267755181067,liao2024,3.30237548828125,3.8006310650000104,428.4344419580898,430.8012895176112,17.64187475647394,0.003,0.0,0.0,0.868901882819621
1209777152095941888,401.9788181557713,402.16107717131473,4.585007475243693,0.0,0.0,523.5140661536616,liao2024,1.8566839599609375,1.989186384161749,408.41547304841475,408.65453633966155,5.128184106556047,0.0,0.0,0.0,0.9333886330331742
1291703000432716288,414.30457795127745,414.37723650897317,3.214296365738068,0.0,0.0,513.9094280787681,liao2024,0.7881099853515625,0.8076229145520106,415.7496520085933,415.70299209414355,3.0983094018490247,0.0,0.0,0.0,0.9758390594807826
1215718152722386816,402.24401480723736,402.41383250842085,9.210798273119615,0.0,0.0,532.4072009291326,liao2024,3.73748388671875,4.321718574454709,438.4521079892762,440.32105969059603,17.41831156825083,0.004,0.0,0.0,0.8648142682891667
1920542906137425664,396.4252845014517,396.8854883938234,11.301471315873592,0.0,0.0,497.9256970505016,liao2024,3.03095849609375,3.4205974103399504,430.45072875372455,431.6324521507978,15.601756083714443,0.001,0.002,-0.002,0.8860903907988761
1163016189580985472,427.9472626646955,433.79059418477385,67.63493989760727,0.161,0.009,588.7786210025898,liao2024,7.4635732421875,9.89088834715649,565.5535489492148,602.2294974047732,151.84189901305209,0.773,0.331,-0.322,0.7545907890400143
1161986535597209600,429.5777140494377,430.2269585773845,37.985777582357834,0.042,0.0,587.0748131183948,liao2024,7.00473193359375,8.99792165107536,560.6593197523987,571.6386979414224,80.77902503574721,0.819,0.201,-0.201,0.7784833215075395
763130652442095360,357.872161061959,360.7338643929381,23.95611301169943,0.0,0.0,490.12975039824624,liao2024,4.947005859375,6.624520043077162,449.3068572041378,461.6518622031442,60.94281521158957,0.217,0.305,-0.305,0.7467719664528424
838151499037299328,384.49359695653374,384.8550901069465,14.827271567256586,0.0,0.0,498.99907712859005,liao2024,2.58422314453125,2.758013695533647,383.2781735384877,382.86882231304287,14.961010480146664,0.0,0.0,0.0,0.936987060186164
4425834129173812736,476.48154688944464,480.49630029472496,43.44078099849342,0.315,0.006,601.9248345595112,liao2024,7.7274150390625,10.933075073463346,606.9164157472317,632.3682763435405,106.3518238802749,0.943,0.488,-0.482,0.7067924611455753
1190076068393505536,422.6646435443415,423.92917953890026,17.874177717857705,0.0,0.0,558.735814238123,liao2024,5.41841259765625,6.887074340296722,479.2777663028143,483.130540585346,32.49708684899487,0.255,0.006,-0.006,0.7867509961309354
1558248773901786624,413.16117044632097,413.8494986815362,15.384231065785794,0.0,0.0,507.28626318645314,liao2024,3.531195556640625,3.967281500241774,468.6905400958688,471.0462154626431,24.394098019731004,0.119,0.084,-0.084,0.8900794048583209
1181083197145550848,463.59194326277026,471.2925178490777,56.08735872772359,0.276,0.033,567.6719257893686,liao2024,6.9096884765625,9.238512591230437,623.3101633964743,644.3518601896129,129.50033607248434,0.93,0.604,-0.571,0.7479221799320218
44540533143317632,400.9194842955556,400.9663248559528,1.0683312604148856,0.0,0.0,496.9969986118173,liao2024,1.5549388427734374,1.5941337257820207,401.0374324458576,401.0802646447767,1.1077952357270209,0.0,0.0,0.0,0.9754130520076941
3721443274830580480,380.77701731226165,383.95867988137934,24.23560073784187,0.001,0.0,552.0701961237879,liao2024,7.95163818359375,12.162009552144047,501.9524233451981,519.0090928161563,94.25732645277816,0.477,0.164,-0.164,0.65380956572197
3329013968425610624,377.9231308851703,378.39869479469024,10.158333397073138,0.0,0.0,488.07168715853913,liao2024,2.42916455078125,2.7324712395992523,406.2003473419016,407.164509873366,15.29035405684348,0.0,0.0,0.0,0.8889991285461853
3651587624626016640,451.465415147503,451.91132867606893,58.34366885386589,0.195,0.021,568.0588262135686,liao2024,6.11270654296875,8.079730848090387,625.5936085040512,646.2461707056842,123.27659818047412,0.917,0.648,-0.627,0.7565482882902547
2824520959440564864,373.00055935723594,375.21881317574855,21.471468484342154,0.0,0.0,492.3992454191932,liao2024,5.94524951171875,8.421706000497917,460.0169785281306,470.5967943936248,60.11952431022424,0.242,0.355,-0.355,0.7059436070752468
585503312024810496,400.2874337415996,400.6539943266348,5.060347278559643,0.0,0.0,500.20064371147186,liao2024,1.7871927490234376,1.8532010905166956,408.56879811267856,409.25681792865606,6.345739730552421,0.0,0.0,0.0,0.964381446875334
1555978179311251200,391.48693746237745,392.52340074735355,45.90188649958899,0.011,0.027,493.1459808436112,liao2024,7.040517578125,7.9207347295980215,464.1227969275464,469.2674731234919,60.11493317264798,0.271,0.318,-0.291,0.8888717800150728
4434648703437122048,427.2907669624814,430.94379931012435,36.23043803294549,0.039,0.0,580.425685433281,liao2024,5.93946728515625,7.638661253356108,544.0115910668366,551.4452752279351,67.58636169949555,0.765,0.221,-0.221,0.7775534335347961
4433898531566743168,407.13041388585094,408.6703355709587,45.148822391559115,0.03,0.0,605.004242249124,liao2024,8.132439453125,10.02479487440013,521.9551880683688,540.4287655300768,100.93937304723663,0.623,0.243,-0.243,0.8112325045066456
1470738952685112576,397.60207382152606,399.92254778733655,61.672504068987784,0.057,0.041,515.6675549206703,liao2024,6.09894140625,7.792621485765221,544.1906925850949,563.6184789296843,143.14439694158145,0.631,0.588,-0.5469999999999999,0.7826559287386066
3584384752382223360,396.59857620561684,404.8444385278041,67.4851126178717,0.091,0.067,514.6352154161666,liao2024,8.3661845703125,9.304080522213512,446.690566656241,459.966146748465,86.88228085836455,0.264,0.231,-0.164,0.899195202614403
4250053208078040448,420.05239400394146,419.01086494431786,25.64576397315097,0.001,0.0,535.5575154160558,liao2024,4.432990234375,4.762697151896351,459.38823272323253,460.8449404636915,33.36044645412806,0.121,0.021,-0.021,0.9307730668136074
4427196355359439872,387.9079629593104,392.64388741876746,29.354418217837758,0.008,0.001,636.9452486457868,liao2024,12.421654296875,14.88224327302949,431.0228276311014,456.5274890344493,77.7180975021773,0.206,0.12,-0.119,0.8346627634683462
1210883913628412800,409.6095916933143,412.0255093538767,36.420218197694865,0.013,0.0,541.327835260121,liao2024,4.64189892578125,5.098956778901909,453.5640331591383,459.659484044794,47.56054405551144,0.179,0.044,-0.044,0.9103624774754242
3689164087340434816,396.0443900003024,396.4499239332507,6.563457588047513,0.0,0.0,521.0195293195784,liao2024,2.767666259765625,3.1276021144645547,415.44625268683455,416.8556506734963,9.859353378894612,0.0,0.0,0.0,0.8849163539587418
3651065597121243648,511.7274151647477,520.8108856419309,95.36292103111178,0.564,0.296,564.1416896697114,liao2024,5.49711474609375,7.506396098401607,775.018796515182,799.7627580411147,166.89852044073857,0.996,0.957,-0.661,0.7323240972141467
3696393857329932672,396.9859596469643,413.4012642303524,129.58001711176723,0.229,0.202,518.4406996455141,liao2024,5.66302392578125,8.09601646852616,659.7311883233517,698.0887531726084,205.69342958975716,0.876,0.837,-0.635,0.6994827576990064
886810420485320576,381.80070525539514,381.9182865857031,2.9632182679214454,0.0,0.0,493.0345527781815,liao2024,1.8851925048828124,2.0319729872420007,390.6569379266973,390.91185352118737,4.838014148013465,0.0,0.0,0.0,0.9277645503750452
4607259251473019776,384.4975649290572,386.4453063996834,49.066144152024,0.02,0.023,510.11875254669184,liao2024,9.807162109375,14.39327861801239,592.5325415472399,619.2146102590934,160.61426254994893,0.809,0.821,-0.7979999999999999,0.6813709627702114
1282795032101821952,398.97539598879706,411.6436465744149,84.54817738277914,0.137,0.076,538.5598423357304,liao2024,9.97265234375,13.440535390452947,543.8190154564722,576.818256031657,146.47148005187523,0.683,0.515,-0.439,0.7419832658477097
50620110891433984,410.14753038533337,410.496972850378,6.34618751546669,0.0,0.0,508.5256160111561,liao2024,0.29116421508789064,0.2946794391699174,410.62047705883464,410.58058702646633,6.3713788602232615,0.0,0.0,0.0,0.9880710235775907
802937337058585344,399.3647740497716,404.7167405572803,56.83387477689558,0.058,0.117,478.7575912422035,liao2024,5.75187744140625,7.591094602229177,558.7214133447782,576.9319207831369,117.51409967857701,0.72,0.816,-0.699,0.7577138400721777
3813349321492771072,389.6237577324093,390.03725540592734,11.902963355330712,0.0,0.0,509.2371487173971,liao2024,1.7265374755859375,1.786550730893561,401.898980338545,402.3728104463058,13.007423837768965,0.0,0.0,0.0,0.9664083116869525
1446950949897421696,408.86325641051315,408.391899335795,17.49046896093858,0.001,0.0,514.8847183013548,liao2024,2.585270263671875,2.859953246293407,443.9086125993216,444.54401839490293,22.08478565829052,0.01,0.003,-0.003,0.9039554289995719
1175135766952270976,381.0068397178216,382.08166912766575,37.89757892948052,0.002,0.0,560.9485611712487,liao2024,6.31131689453125,7.811329275579188,478.68438203231983,482.79946876167736,63.22646590613927,0.342,0.06,-0.06,0.8079696389528124
1988544814102643712,400.61824714669206,401.276308865241,14.918439255588881,0.0,0.0,497.60077901435113,liao2024,3.211048583984375,3.616360152801906,440.6334102352254,442.5048101723521,18.057486653439316,0.006,0.009,-0.009,0.8879227865334427
2592810944153863936,394.5726812200973,395.1314055530072,17.16023335543071,0.0,0.0,494.4531241069962,liao2024,2.860794189453125,3.2124730015394922,424.14657200325433,425.4360916234052,17.399974763404842,0.0,0.001,-0.001,0.8905270762064508
780558392778802688,374.78409995753213,378.09069394812616,48.0791909679477,0.012,0.035,475.95677304638974,liao2024,7.1721376953125,8.3097768750534,452.467289880096,462.874272025798,84.1621690687994,0.271,0.403,-0.368,0.8630963024824191
3743491197387284864,428.22800803121874,428.63804335845776,6.583477671005643,0.0,0.0,518.0811479737393,liao2024,2.352805419921875,2.5687483597411966,440.4662990376503,441.23235633004924,8.80179043418566,0.0,0.0,0.0,0.9159345682887062
4456736345851377792,462.26040443113436,466.54323630996964,54.196162230138036,0.262,0.018,573.0122143589738,liao2024,6.35350146484375,7.292955362956144,554.2011595930715,563.6746525752678,76.67089813140232,0.811,0.364,-0.346,0.8711833747284045
2832951018169421568,391.7385382823691,391.9678935622073,16.397365356397415,0.0,0.0,509.5823533402812,liao2024,2.926757568359375,3.2484990174708708,431.33208397361693,432.53475727346154,19.645190380740008,0.002,0.0,0.0,0.9009568888951093
4422328435129459584,448.4709802947292,448.8073966016909,8.62448410327458,0.0,0.0,534.5593801252336,liao2024,2.622497802734375,2.84401022608915,472.96250034312675,473.87609487422594,10.95558225858169,0.015,0.0,0.0,0.9221126487792624
4586965565362654464,397.95641456327724,399.1981685577917,48.890184771960826,0.031,0.017,519.0181071055675,liao2024,7.92414599609375,10.496498939556771,547.5927737052806,557.4332363235105,79.41211043551856,0.757,0.719,-0.702,0.7549322913977599
2672173998389739264,436.3109112868787,440.7409396562036,57.861859976004666,0.152,0.067,538.1840692501219,liao2024,7.6957978515625,9.335526710434896,549.8581314141993,563.1848421794274,98.43928963686875,0.725,0.565,-0.49799999999999994,0.8243560422745543
1478369769539089920,401.21153103513524,400.81967819308574,7.000257100887646,0.0,0.0,515.6512313594816,liao2024,1.9888070068359376,2.1183828384585626,413.54806735195297,413.8983194244634,8.720848051720514,0.0,0.0,0.0,0.9388326655266379
603952739182245888,385.12805760867815,387.29170390132435,25.97577204385789,0.0,0.0,485.91600849071756,liao2024,3.64620556640625,4.417618251446741,450.60363903202426,454.2126287807733,45.912714569129804,0.138,0.256,-0.256,0.8253781469714233
773180978994529920,395.7955257582645,395.41303958002857,13.351690796996674,0.0,0.0,504.2058047576469,liao2024,2.096576904296875,2.2738606741255154,429.4889016009504,430.72739381644385,18.584502987642242,0.0,0.0,0.0,0.9220340226444083
3905770111395591808,412.974627078852,414.0949378715212,41.48990562781279,0.029,0.015,510.3744688801185,liao2024,3.516158935546875,4.204287829664412,509.7604927492953,520.2944197038653,71.9911996550172,0.558,0.493,-0.478,0.8363268829354951
3685149598588691584,458.4460517093348,460.09247280204346,17.868040510346027,0.02,0.0,529.8666794941294,liao2024,6.05796435546875,8.64515061973438,537.5051879607647,544.3647479389286,46.62822350418171,0.85,0.539,-0.539,0.7007355478156931
1428946275194761216,405.01701457607174,404.8925144976094,2.7801326904746784,0.0,0.0,512.135669184861,liao2024,1.498373291015625,1.5503022285803283,408.8552306301278,408.9025337584652,2.720011349587573,0.0,0.0,0.0,0.9665039908945647
3877058564258758656,493.1936768746221,497.5524976383372,50.01967340930212,0.471,0.571,485.60481991557543,liao2024,5.51031884765625,7.36156955310476,703.2808300635313,718.0999374914138,109.63253487859357,0.997,1.0,-0.42900000000000005,0.7485249997172492
1226788692921386112,425.36834026186045,428.6123763508432,35.39914772723545,0.031,0.003,540.3270801855781,liao2024,5.19671728515625,6.514228784784642,512.7620970932619,522.5901487516334,56.47447011554835,0.617,0.248,-0.245,0.7977486601782059
1287203077301633280,402.6506005235723,405.98594618788053,50.1685848709182,0.038,0.011,528.304774558019,liao2024,7.45757470703125,10.017919554913142,543.9347620520215,556.1719672858404,79.1849565047494,0.754,0.583,-0.572,0.744423496929938
1477675943342041472,503.80892322986915,505.25584804876166,73.59601518876494,0.502,0.36,526.9680653558324,liao2024,7.7536416015625,9.0164211190378,613.0636613347373,631.6998939845081,116.44708253000411,0.905,0.834,-0.474,0.8599467016010385
741253978822355072,387.1654833651834,387.3782991102864,7.477118428525351,0.0,0.0,500.70315548029134,liao2024,1.86635693359375,1.9472863849076936,397.08255498734775,397.48198646129157,7.3997269058048945,0.0,0.0,0.0,0.958439882319734
4429980078286167424,523.614145714625,527.3221443217789,63.78370462292124,0.651,0.204,574.7650123266072,liao2024,5.9659306640625,7.955562896845043,772.8701510473875,792.82549900244,136.34550610319437,0.998,0.979,-0.775,0.7499067937013513
125510837155597696,438.80563639925316,440.4143839508341,37.840928987327786,0.061,0.115,487.78452339420596,liao2024,2.6857314453125,2.990650854761817,496.2711019462753,499.2997417984384,48.06345493716673,0.464,0.572,-0.45699999999999996,0.8980424582281766
1524973909913842688,395.5435577702945,398.16739689597557,24.101601522307135,0.0,0.0,506.40581960299113,liao2024,5.872814453125,7.580808710413029,457.7953723935094,463.29665318487014,38.45244635446955,0.167,0.145,-0.145,0.7746949801091905
3813460543965876096,418.0375881447105,418.792427760627,8.862763813120816,0.0,0.0,507.32093554340025,liao2024,2.384315185546875,2.586698420253837,432.80819849310353,433.34152833180167,8.288073856482226,0.0,0.0,0.0,0.9217600192112456
3656596724724276096,424.68441483308453,426.9886981172478,65.72306341913136,0.143,0.005,581.7897712383683,liao2024,7.69886279296875,9.184559498652954,506.8442812343839,524.8877282872504,116.72945385936775,0.52,0.126,-0.121,0.8382397429183074
4385330766506396544,436.97257246977694,443.43611277171914,45.72667421969991,0.117,0.004,591.355808925292,liao2024,6.77298583984375,8.973178149311376,546.8194421023837,571.2197374840034,121.71641076161322,0.708,0.312,-0.308,0.754803451702731
699560910215543808,381.5630957142862,381.7994620134969,4.04534446141143,0.0,0.0,496.17243859728603,liao2024,1.9366712646484374,2.033540573152342,386.9500427000462,387.3406114782961,4.737452124677927,0.0,0.0,0.0,0.9523642115712793
65344186495160448,405.9702281583803,407.3818748243534,28.668280205619958,0.0,0.006,487.42402429592124,liao2024,2.6116142578125,2.9735742846485045,474.2956955994196,477.8746765066288,47.21365205457469,0.29,0.427,-0.421,0.8782744292938388
1273534017460399744,473.0065722137829,476.1094162647025,43.09280574308803,0.281,0.076,541.4740365188918,liao2024,8.2950625,8.940257205843922,517.5585949943274,519.4288313335057,55.784765960906704,0.607,0.304,-0.22799999999999998,0.9278326460873876
3897759894309065600,393.10212769086877,395.90771846343404,25.180289426596943,0.0,0.0,507.8450794806811,liao2024,3.88298291015625,4.663686559423128,449.0920016810195,456.90651992215936,50.965590285812766,0.174,0.16,-0.16,0.8325994598223071
1793484407581206656,370.9964559727154,373.0364907719098,35.18295640869414,0.002,0.003,500.3309332511875,liao2024,6.88269921875,9.910072373534279,511.00775699589406,530.1753357227174,101.53458686849696,0.562,0.624,-0.621,0.6945155352377501
1480182073940289024,495.3072851363149,500.2220281107585,50.14817973452222,0.485,0.288,523.7532297573911,liao2024,7.01602197265625,9.2389126066244,695.5525021946042,708.7913734779765,105.2341661332259,0.995,0.986,-0.698,0.7593991058672518
4547925480869924096,441.5210056894575,446.7729659609329,66.09354345471861,0.209,0.093,553.5775243527438,liao2024,9.132703125,13.300015163934347,699.8900439384959,737.5117478425519,216.82293719766926,0.95,0.874,-0.781,0.6866686249926356
1319711100645496704,396.30470477102904,401.94641681693327,51.6112215174692,0.038,0.009,541.6069700185751,liao2024,7.099033203125,9.699705436083356,559.489771300214,581.8700840836841,120.82872552075105,0.734,0.576,-0.567,0.73188131844873
3657056526743053952,422.732474086685,423.7253767381863,22.726782831546398,0.0,0.0,525.7840069918318,liao2024,2.368973388671875,2.628684301105689,478.8139073221891,480.74944912514735,31.67140365936311,0.254,0.073,-0.073,0.9012011779715909
4284233897849498496,419.0964258014895,425.5559519467505,60.038220290875344,0.114,0.023,562.9630610204597,liao2024,6.22900244140625,9.165307619391667,679.0445613885771,694.4211881267352,132.92543763491054,0.971,0.859,-0.836,0.6796283005523048
2125719266307162240,380.35822303605124,384.4145003186212,61.40153348989917,0.045,0.169,451.809648831442,liao2024,15.75023828125,19.62453574349162,486.2047736152449,503.4668373318198,122.0311785192863,0.425,0.685,-0.516,0.8025788985338667
3844980381237978368,406.03549557452124,406.4218097622128,6.835293693185701,0.0,0.0,503.16842383959045,liao2024,1.31468603515625,1.3853233168174584,415.7679923245771,415.9079017292038,6.671952061188179,0.0,0.0,0.0,0.949010255726089
367118106357580544,413.60765049162075,413.701493318251,5.097646333294089,0.0,0.0,503.9821433089613,liao2024,1.329644775390625,1.4013775422619767,415.6366220572208,415.8972022765231,4.8863566531420775,0.0,0.0,0.0,0.9488126755937825
1190569439873305984,415.9797131580984,415.98513310101146,6.274416801520154,0.0,0.0,530.3549869816604,liao2024,2.391890869140625,2.5755858133522893,427.54436098058403,427.5622753856407,7.20414141433151,0.0,0.0,0.0,0.9286783832791136
4398079054075869312,434.9537412496065,435.020922124655,3.566173537345207,0.0,0.0,524.8799869293094,liao2024,1.305772705078125,1.3568046388742172,438.79459052267464,438.9348402012596,3.664784137276268,0.0,0.0,0.0,0.9623881490864926
1203885900077833984,461.61809624034544,463.2935423653678,19.837945273512155,0.04,0.0,560.6043787418812,liao2024,7.10202783203125,7.903711088923841,484.64036838547037,488.3464351253364,29.77798196570199,0.322,0.012,-0.012,0.8985687548706
1155328885316769792,441.5910384878887,445.2096429994828,48.87105645935181,0.137,0.001,582.2176235311583,liao2024,6.59763037109375,7.461881881039604,504.69634621735025,509.5104378106519,61.911970673193686,0.52,0.041,-0.04,0.8841778087988919
3634258462378915072,410.2786994216678,414.597650119551,29.330590794705515,0.006,0.0,547.1888448370033,liao2024,6.63696728515625,9.019086067569315,486.65069124726267,505.6576182051125,75.50023583971837,0.447,0.177,-0.177,0.7358802472260854
4419551584154372096,420.21177850803525,423.55039794128237,42.46211548942159,0.051,0.0,646.2681267576062,liao2024,10.2946787109375,12.614547252967808,493.8208261359921,511.37144675252847,89.58388686422587,0.449,0.11,-0.11,0.8160957745443844
343584709232944128,374.86681637049406,374.81311955558965,4.769797431603179,0.0,0.0,489.32715344946945,liao2024,3.00040576171875,3.363474973924438,374.21470506861647,374.1294963433653,4.800819524071613,0.0,0.0,0.0,0.8920553252156159
3649852011161778688,393.872909774505,394.02391374338606,2.846532176824301,0.0,0.0,515.1931079694039,liao2024,0.5025906066894531,0.5138204196032081,397.11594493180166,397.23471889093014,2.6020049020047877,0.0,0.0,0.0,0.9781444791111511
4565639369106691584,391.48572537986036,392.49699049961885,50.59210183072689,0.028,0.011,546.7953194417878,liao2024,9.821888671875,15.014277215849281,659.4280388166167,691.6912131640166,165.1511750569061,0.92,0.862,-0.851,0.6541699297723687
3700459885689494272,399.5504039915003,400.37696495830306,7.151279470036345,0.0,0.0,518.6742557609228,liao2024,6.0547138671875,8.184383292341469,427.8817508018984,431.4087438808431,20.77930958677935,0.009,0.002,-0.002,0.7397886500322137
697111679344857856,382.5454468610244,383.5148008150396,19.605334672256326,0.0,0.001,479.54664326155097,liao2024,4.972337890625,6.520325421547633,465.7743194164696,471.8076231903513,48.42862847567061,0.237,0.439,-0.438,0.7625904489663937
3831606024876821376,360.0876348084181,363.14576461946336,38.54938893857221,0.0,0.002,492.3576832024491,liao2024,4.3481591796875,5.554239360198021,494.89738346015565,499.8869008159671,68.113994071386,0.462,0.541,-0.539,0.7828541223568152
1474997597440576256,358.86306717444455,363.79690067694884,54.701423285589456,0.014,0.007,510.98206921085654,liao2024,10.3629619140625,13.583443555867689,507.3318014935036,537.3288754479681,171.71397986210036,0.505,0.483,-0.476,0.7629112508503763
802371187350042240,377.9042816127888,378.55142875531186,11.492172690277883,0.0,0.0,492.46196201465636,liao2024,3.25948828125,3.714092320182907,405.3352241737682,406.97818332746766,17.482927318746995,0.0,0.0,0.0,0.877600231835239
1506503488956050560,396.2024185211645,396.8396052768256,14.393319261722436,0.0,0.0,511.7989477366095,liao2024,3.313072509765625,3.6351735359831316,420.7085437644294,422.47469849412056,16.905257268255113,0.0,0.0,0.0,0.9113932187750716
93890566366563456,378.3551376305671,378.47365837029866,1.5006722139360058,0.0,0.0,484.163508316363,liao2024,4.20916845703125,4.88906190752562,375.9630633641298,376.201620842877,1.0952843513783765,0.0,0.0,0.0,0.8609358066323878
2123569205674089856,424.188434747472,424.9677673723409,37.32563870712576,0.035,0.083,485.5963616207508,liao2024,9.8524873046875,13.497794574913291,597.2923625308832,609.6869275840381,106.06363307491974,0.876,0.93,-0.8470000000000001,0.7299331198149304
4435875178595771904,453.7973151766694,456.25139259717844,68.41820337576242,0.246,0.04,596.298900131971,liao2024,8.2030322265625,9.991637389146609,557.7815969294849,570.8628133248044,102.19503213515715,0.76,0.344,-0.304,0.8209897844644586
1288362168715406208,387.8745440995068,389.72423335390005,32.1622357453832,0.001,0.001,524.6309528965445,liao2024,3.855003173828125,4.536169257982847,463.83574065824894,469.7462356067574,48.653576957694675,0.224,0.113,-0.112,0.8498367134436197
3957047279266205568,419.7501416160118,419.81460348875197,3.139134206694802,0.0,0.0,512.3332965069924,liao2024,1.0573033447265625,1.0945471895001566,421.63483893291124,421.53204603925764,3.4161918928500863,0.0,0.0,0.0,0.9659732854545978
1850497933774341504,442.713521631459,444.52802720656047,46.185237359081,0.123,0.153,495.92616698923547,liao2024,6.904744140625,9.369798524574927,579.1697849495744,597.0067196572461,108.27421075732676,0.834,0.865,-0.712,0.7369148997724305
4374395985929111040,430.90302221897383,436.4880419656251,94.14134026733231,0.245,0.059,575.720904268897,liao2024,5.249572265625,6.69272325877277,607.2902253549377,630.4651230834795,172.08603003721845,0.783,0.542,-0.48300000000000004,0.7843701379321042
2653208801494625792,411.04925958442897,412.17325010578514,9.426966470121581,0.0,0.0,516.1485057054413,liao2024,2.15291845703125,2.258409603000158,427.59147093010904,427.73936176471693,10.792114918359188,0.0,0.0,0.0,0.9532896309735976
1774483437903554944,406.53876758445676,407.267796706759,11.285365545537815,0.0,0.0,514.2195559753229,liao2024,1.4856483154296876,1.5669851508146486,426.3890605818412,427.40668987217487,12.401756355731516,0.0,0.0,0.0,0.9480934230023332
3705761936916676864,416.6790503210649,417.0717101171522,21.868051699178853,0.0,0.0,517.8162984206799,liao2024,2.787255615234375,3.161786596829884,472.07941991672925,474.0568016997959,27.601378918730347,0.169,0.068,-0.068,0.8815445096860659
3702750168409332864,412.86958100043546,413.54846534848457,4.947058550173393,0.0,0.0,518.0249237521238,liao2024,2.521923583984375,2.752077272326488,417.78801302159513,418.57051195585456,5.8117516864956915,0.0,0.0,0.0,0.9163709207381555
2819198498527766016,414.3862642119615,414.6963725320981,14.807068408804762,0.0,0.0,507.5826753517511,liao2024,2.521380615234375,2.7669410959214535,444.1583091824569,445.1459122060627,18.488910858648154,0.005,0.003,-0.003,0.9112520027806008
2553772642075155072,447.1976944426893,447.93570333893916,11.34029981260096,0.0,0.001,497.6886275405219,liao2024,4.69266552734375,5.375565105650465,465.07467007976857,467.4458329370073,16.788669906117377,0.04,0.078,-0.077,0.8729622718941878
4467979165785261824,496.8679747826082,498.10048652714505,68.32677246079389,0.445,0.134,574.3581299754645,liao2024,5.750572265625,7.527046312441427,689.8317054851304,717.583297316961,159.41182666333995,0.954,0.833,-0.699,0.7639878947097616
4450458649852400640,568.3198805729011,570.5491692839546,48.63681169236901,0.932,0.413,578.7204328542393,liao2024,6.1907626953125,7.211828443213722,676.1984913072587,686.5962031905605,80.90185318091008,1.0,0.927,-0.514,0.8584179094190687
4443717204762199552,485.002795737715,488.2071549984742,43.32871832535094,0.367,0.036,570.3937309141887,liao2024,6.107533203125,6.75505264604912,547.1153103512557,555.9128231573238,55.02083760978329,0.854,0.321,-0.28500000000000003,0.9041429464946006
3968357165106270592,417.4076397891711,418.1436636263084,18.70753323032559,0.0,0.0,502.5577837234233,liao2024,2.981339599609375,3.7271905189090253,484.3816781712195,490.0127758531534,35.223957965466425,0.357,0.358,-0.358,0.7998892421742996
2759224674718906496,418.13497512869384,418.1089855087509,1.0230693495104166,0.0,0.0,510.566182540079,liao2024,0.5778380126953125,0.5878521846827836,419.36573009129796,419.4730344456963,1.1178793706046513,0.0,0.0,0.0,0.9829648128417268
694677944716195712,396.6768091767441,397.00869215399433,7.41730788136007,0.0,0.0,498.4910998137662,liao2024,1.803765380859375,1.9494493308699568,394.97654743898846,395.1924748405434,6.959872216855504,0.0,0.0,0.0,0.9252691784784326
4417748320661390592,394.47309957907254,397.7923458658128,49.84825459170136,0.028,0.0,647.1002660739697,liao2024,9.959228515625,12.671909389128952,503.42847871558547,524.198814938443,114.16430581391334,0.507,0.189,-0.189,0.7859295872308618
1239218976815790976,457.88607580008033,458.98751636192816,22.108288506375196,0.033,0.0,537.6393878630881,liao2024,5.05955419921875,6.157324708316422,506.0494405425114,509.9026912386411,30.640690085180783,0.595,0.112,-0.112,0.8217130716502635
4462292766519058304,445.0851804312318,445.37676911334387,13.826331565347692,0.002,0.0,562.7045135366409,liao2024,6.0994228515625,7.97471618074017,481.6890954667557,486.5286844801423,30.076458733542243,0.245,0.027,-0.027,0.7648451322058692
3266449244243890176,411.6452541918182,411.84337433766746,2.2258915688763774,0.0,0.0,500.7820701203237,liao2024,1.4551988525390624,1.528858242825627,416.3382910885438,416.5448585139044,2.652185109651433,0.0,0.0,0.0,0.9518206539865804
4433991921336042112,451.4880279122796,456.39044051776733,34.08784950082447,0.1,0.002,582.3186026920162,liao2024,5.958681640625,7.8839507893359455,574.5041344326459,595.3861563387009,98.37453275262422,0.862,0.394,-0.392,0.7557989388625916
4458341877643629440,408.6508342488203,411.0019251488298,27.921411166502,0.0,0.0,570.7707330987507,liao2024,6.6530908203125,8.789266729779165,516.144992260593,521.4526583627555,57.182029720831466,0.613,0.123,-0.123,0.7569562996388509
1329974079617820288,398.14611956329327,399.3152745957752,27.85951456647956,0.0,0.0,528.8456512080988,liao2024,6.104986328125,7.374818251756524,495.313766105697,499.2580098677393,46.28054449588412,0.442,0.248,-0.248,0.8278151568916187
2119046398954218880,395.92501612859706,396.24379325454174,17.02897166844691,0.0,0.0,513.693316061314,liao2024,3.515826904296875,3.861490144375721,432.41952483444265,433.25584687506927,19.930830667720663,0.005,0.002,-0.002,0.9104844950640865
1109593191626896128,396.8652542832388,397.0116746304549,5.629553294121081,0.0,0.0,506.6831937212626,liao2024,0.5774622802734375,0.5873671256734051,407.20842034795396,407.1110543530773,5.618366664437013,0.0,0.0,0.0,0.9831368747636124
3380074532502165248,389.90484621596187,390.09752119929993,8.25289240423882,0.0,0.0,497.00364654277774,liao2024,1.4137283935546876,1.4958036449726875,388.42041005749184,388.20384582341165,8.161431059870146,0.0,0.0,0.0,0.945129662109161
1191992482798637952,395.5832203544103,396.27285261102656,41.30856978027226,0.016,0.0,571.9973529201275,liao2024,7.18250439453125,10.104391239890225,589.4079195251329,606.7028934737306,115.20284460587817,0.837,0.524,-0.524,0.7108299969795391
3910968052615480192,398.42299903621193,402.2733123544517,41.34982291434244,0.021,0.022,498.13418218246596,liao2024,7.80809912109375,12.601143936273365,661.172577522244,688.3674364089379,172.73509159493534,0.913,0.926,-0.904,0.619634150723216
1220794292970528640,398.2712642528251,399.2717492934337,20.606932184127267,0.0,0.0,559.0264390895486,liao2024,9.0312822265625,11.530450648831394,442.34783631914206,450.11562970198736,48.428464084441416,0.122,0.052,-0.052,0.783254922259072
637219558696168704,372.15147733118783,372.5496139428359,5.1625925841091655,0.0,0.0,485.0647446941229,liao2024,3.738019287109375,4.45970416824158,390.3768476799278,392.1405564332958,12.39008000371034,0.0,0.0,0.0,0.8381765126325053
4422830744441532544,407.2602654775192,411.79939065788056,40.28641889420634,0.019,0.0,558.3422893868799,liao2024,4.3118740234375,5.242888647037431,488.174508758622,494.07279491241155,60.50413366317589,0.401,0.079,-0.079,0.8224233459304893
3711095766606269056,427.81993937318526,428.3926692880762,26.37077739112328,0.01,0.001,526.7754793222656,liao2024,3.398896484375,3.8349588770365495,483.0522447501812,487.68083858683104,40.025642773843416,0.343,0.135,-0.134,0.8862928113068802
1038229698662764160,388.3053199803508,388.3808006340256,0.863571762784161,0.0,0.0,498.72663552569446,liao2024,1.723872314453125,1.8075706356667602,390.3533590963548,390.44745322299065,1.0789288681690647,0.0,0.0,0.0,0.9536956843831658
3652658029259658112,413.23211214513606,412.94525943286703,19.253738201184188,0.0,0.0,543.8323192759542,liao2024,4.1217275390625,4.847807911568218,478.5529977774301,481.3520033641848,33.57600499400847,0.268,0.022,-0.022,0.8502250118505958
1204061267883975040,608.6061140386092,612.1718144933496,89.60428081283716,0.904,0.67,566.9801160620349,liao2024,9.7394677734375,13.009688369165165,871.3526839062079,908.8049961773568,224.11429023371034,0.998,0.984,-0.31399999999999995,0.7486319039371797
